#ifndef IMAGES_H
#define IMAGES_H
#include <Arduino.h>

// 'sticker', 160x128px
const uint16_t epd_bitmap_sticker [] PROGMEM = {
	0x0000, 0x0000, 0x0000, 0x0000, 0x0000, 0x0000, 0x0000, 0x0000, 0x0000, 0x0000, 0x0000, 0x0000, 0x0000, 0x0000, 0x0000, 0x0000, 
	0x0000, 0x0000, 0x0000, 0x0000, 0x0000, 0x0000, 0x0000, 0x0000, 0x0000, 0x0000, 0x0000, 0x0000, 0x0000, 0x0000, 0x0000, 0x0000, 
	0x0000, 0x0000, 0x0000, 0x0000, 0x0000, 0x0000, 0x0000, 0x0000, 0x0000, 0x0000, 0x0000, 0x0000, 0x0000, 0x0000, 0x0000, 0x0000, 
	0x0000, 0x0000, 0x0000, 0x0000, 0x0000, 0x0000, 0x0000, 0x0000, 0x0000, 0x0000, 0x0000, 0x0000, 0x0000, 0x0000, 0x0000, 0x0000, 
	0x0000, 0x0000, 0x0000, 0x0000, 0x0000, 0x0000, 0x0000, 0x0000, 0x0000, 0x0000, 0x0000, 0x0000, 0x0000, 0x0000, 0x0000, 0x0000, 
	0x0000, 0x0000, 0x0000, 0x0000, 0x0000, 0x0000, 0x0000, 0x0000, 0x0000, 0x0000, 0x0000, 0x0000, 0x0000, 0x0000, 0x0000, 0x0000, 
	0x0000, 0x0000, 0x0000, 0x0000, 0x0000, 0x0000, 0x0000, 0x0000, 0x1000, 0x4207, 0x4a68, 0x52a9, 0x630b, 0x5269, 0x5269, 0x2903, 
	0x20e3, 0x1000, 0x0000, 0x0000, 0x0000, 0x0000, 0x0000, 0x0000, 0x0000, 0x0000, 0x0000, 0x0000, 0x0000, 0x0000, 0x0000, 0x0000, 
	0x0000, 0x0000, 0x0000, 0x0000, 0x0000, 0x0000, 0x0000, 0x0000, 0x0000, 0x0000, 0x0000, 0x0000, 0x0000, 0x0000, 0x0000, 0x0000, 
	0x0000, 0x0000, 0x0000, 0x0000, 0x0000, 0x0000, 0x0000, 0x0000, 0x0000, 0x0000, 0x0000, 0x0000, 0x0000, 0x0000, 0x0000, 0x0000, 
	0x0000, 0x0000, 0x0000, 0x0000, 0x0000, 0x0000, 0x0000, 0x0000, 0x0000, 0x0000, 0x0000, 0x0000, 0x0000, 0x0000, 0x0000, 0x0000, 
	0x0000, 0x0000, 0x0000, 0x0000, 0x0000, 0x0000, 0x0000, 0x0000, 0x0000, 0x0000, 0x0000, 0x0000, 0x0000, 0x0000, 0x0000, 0x0000, 
	0x0000, 0x0000, 0x0000, 0x0000, 0x0000, 0x0000, 0x0000, 0x0000, 0x0000, 0x0000, 0x0000, 0x0000, 0x0000, 0x0000, 0x0000, 0x0000, 
	0x0000, 0x0000, 0x0000, 0x0000, 0x0000, 0x0000, 0x0000, 0x0000, 0x0000, 0x0000, 0x0000, 0x0000, 0x0000, 0x0000, 0x0000, 0x0000, 
	0x0000, 0x0000, 0x0000, 0x0000, 0x0000, 0x0000, 0x0000, 0x0000, 0x0000, 0x0000, 0x0000, 0x0000, 0x0000, 0x0000, 0x0000, 0x0000, 
	0x0000, 0x0000, 0x0000, 0x0000, 0x0000, 0x0000, 0x0000, 0x0000, 0x0000, 0x0000, 0x0000, 0x0000, 0x0000, 0x0000, 0x0000, 0x0000, 
	0x0000, 0x0000, 0x0000, 0x0000, 0x0000, 0x0000, 0x0000, 0x4a07, 0xa4b1, 0xbd94, 0xbd94, 0xb553, 0xbd53, 0xbd94, 0xbd94, 0xad13, 
	0xacf2, 0xa4b1, 0x62ca, 0x1881, 0x0000, 0x0000, 0x0000, 0x0000, 0x0000, 0x0000, 0x0000, 0x0000, 0x0000, 0x0000, 0x0000, 0x0000, 
	0x0000, 0x0000, 0x0000, 0x0000, 0x0000, 0x0000, 0x0000, 0x0000, 0x0000, 0x0000, 0x0000, 0x0000, 0x0000, 0x0000, 0x0000, 0x0000, 
	0x0000, 0x0000, 0x0000, 0x0000, 0x0000, 0x0000, 0x0000, 0x0000, 0x0000, 0x0000, 0x0000, 0x0000, 0x0000, 0x0000, 0x0000, 0x0000, 
	0x0000, 0x0000, 0x0000, 0x0000, 0x0000, 0x0000, 0x0000, 0x0000, 0x0000, 0x0000, 0x0000, 0x0000, 0x0000, 0x0000, 0x0000, 0x0000, 
	0x0000, 0x0000, 0x0000, 0x0000, 0x0000, 0x0000, 0x0000, 0x0000, 0x0000, 0x0000, 0x0000, 0x0000, 0x0000, 0x0000, 0x0000, 0x0000, 
	0x0000, 0x0000, 0x0000, 0x0000, 0x0000, 0x0000, 0x0000, 0x0000, 0x0000, 0x0000, 0x0000, 0x0000, 0x0000, 0x0000, 0x0000, 0x0000, 
	0x0000, 0x0000, 0x0000, 0x0000, 0x0000, 0x0000, 0x0000, 0x0000, 0x0000, 0x0000, 0x0000, 0x0000, 0x0000, 0x0000, 0x0000, 0x0000, 
	0x0000, 0x0000, 0x0000, 0x0000, 0x0000, 0x0000, 0x0000, 0x0000, 0x0000, 0x0000, 0x0000, 0x0000, 0x0000, 0x0000, 0x0000, 0x0000, 
	0x0000, 0x0000, 0x0000, 0x0000, 0x0000, 0x0000, 0x0000, 0x0000, 0x0000, 0x0000, 0x0000, 0x0000, 0x0000, 0x0000, 0x0000, 0x0000, 
	0x0000, 0x0000, 0x0000, 0x0000, 0x0000, 0x41a6, 0x9c90, 0xbd74, 0xbd73, 0xbd93, 0xbd93, 0xbd93, 0xbd93, 0xbd73, 0xbd93, 0xbdb3, 
	0xbdb4, 0xc5b4, 0xb573, 0xa4b1, 0x736b, 0x2943, 0x0000, 0x0000, 0x0000, 0x0000, 0x0000, 0x0000, 0x0000, 0x0000, 0x0000, 0x0000, 
	0x0000, 0x0000, 0x0000, 0x0000, 0x0000, 0x0000, 0x0000, 0x0000, 0x0000, 0x0000, 0x0000, 0x0000, 0x0000, 0x0000, 0x0000, 0x0000, 
	0x0000, 0x0000, 0x0000, 0x0000, 0x0000, 0x0000, 0x0000, 0x0000, 0x0000, 0x0000, 0x0000, 0x0000, 0x0000, 0x0000, 0x0000, 0x0000, 
	0x0000, 0x0000, 0x0000, 0x0000, 0x0000, 0x0000, 0x0000, 0x0000, 0x0000, 0x0000, 0x0000, 0x0000, 0x0000, 0x0000, 0x0000, 0x0000, 
	0x0000, 0x0000, 0x0000, 0x0000, 0x0000, 0x0000, 0x0000, 0x0000, 0x0000, 0x0000, 0x0000, 0x0000, 0x0000, 0x0000, 0x0000, 0x0000, 
	0x0000, 0x0000, 0x0000, 0x0000, 0x0000, 0x0000, 0x0000, 0x0000, 0x0000, 0x0000, 0x0000, 0x0000, 0x0000, 0x0000, 0x0000, 0x0000, 
	0x0000, 0x0000, 0x0000, 0x0000, 0x0000, 0x0000, 0x0000, 0x0000, 0x0000, 0x0000, 0x0000, 0x0000, 0x0000, 0x0000, 0x0000, 0x0000, 
	0x0000, 0x0000, 0x0000, 0x0000, 0x0000, 0x0000, 0x0000, 0x0000, 0x0000, 0x0000, 0x0000, 0x0000, 0x0000, 0x0000, 0x0000, 0x0000, 
	0x0000, 0x0000, 0x0000, 0x0000, 0x0000, 0x0000, 0x0000, 0x0000, 0x0000, 0x0000, 0x0000, 0x0000, 0x0000, 0x2964, 0x6b0b, 0x83ce, 
	0x83ad, 0x49c6, 0x3985, 0x5228, 0x83ae, 0xa490, 0xa4d0, 0xa4d0, 0xacd0, 0xacd1, 0xacd0, 0xacf1, 0xb512, 0xad11, 0xad11, 0xb511, 
	0xb511, 0xbd52, 0xbd73, 0xbd73, 0xbd73, 0xbd73, 0x9490, 0x4a27, 0x1082, 0x0000, 0x0000, 0x0000, 0x0000, 0x0000, 0x0000, 0x0000, 
	0x0000, 0x0000, 0x0000, 0x0000, 0x0000, 0x0000, 0x0000, 0x0000, 0x0000, 0x0000, 0x0000, 0x0000, 0x0000, 0x0000, 0x0000, 0x0000, 
	0x0000, 0x0000, 0x0000, 0x0000, 0x0000, 0x0000, 0x0000, 0x0000, 0x0000, 0x0000, 0x0000, 0x0000, 0x0000, 0x0000, 0x0000, 0x0000, 
	0x0000, 0x0000, 0x0000, 0x0000, 0x0000, 0x0000, 0x0000, 0x0000, 0x0000, 0x0000, 0x0000, 0x0000, 0x0000, 0x0000, 0x0000, 0x0000, 
	0x0000, 0x0000, 0x0000, 0x0000, 0x0000, 0x0000, 0x0000, 0x0000, 0x0000, 0x0000, 0x0000, 0x0000, 0x0000, 0x0000, 0x0000, 0x0000, 
	0x0000, 0x0000, 0x0000, 0x0000, 0x0000, 0x0000, 0x0000, 0x0000, 0x0000, 0x0000, 0x0000, 0x0000, 0x0000, 0x0000, 0x0000, 0x0000, 
	0x0000, 0x0000, 0x0000, 0x0000, 0x0000, 0x0000, 0x0000, 0x0000, 0x0000, 0x0000, 0x0000, 0x0000, 0x0000, 0x0000, 0x0000, 0x0000, 
	0x0000, 0x0000, 0x0000, 0x0000, 0x0000, 0x0000, 0x0000, 0x0000, 0x0000, 0x0000, 0x0000, 0x0000, 0x0000, 0x0000, 0x0000, 0x0000, 
	0x0000, 0x10a0, 0x10a2, 0x10a2, 0x10a2, 0x0861, 0x3145, 0x0000, 0x0000, 0x2082, 0x39c6, 0x62ca, 0x9cb1, 0xa490, 0x732a, 0xad12, 
	0xacf1, 0x9c6f, 0x940e, 0x8bcd, 0x9c2e, 0x9c4e, 0x9c6f, 0x942e, 0x940e, 0x8bed, 0x942e, 0x9c6f, 0xacd0, 0xa4d0, 0xa4d0, 0xa4af, 
	0xa48f, 0x9c6e, 0xa46e, 0xacd0, 0xb511, 0xbd52, 0xc5b4, 0xbdb4, 0xad11, 0x6b0b, 0x18e0, 0x0000, 0x0000, 0x0000, 0x0000, 0x0000, 
	0x0000, 0x0000, 0x0000, 0x0000, 0x0000, 0x0000, 0x0000, 0x0000, 0x0000, 0x0000, 0x0000, 0x0000, 0x0000, 0x0000, 0x0000, 0x0000, 
	0x0000, 0x0000, 0x0000, 0x0000, 0x0000, 0x0000, 0x0000, 0x0000, 0x0000, 0x0000, 0x0000, 0x0000, 0x0000, 0x0000, 0x0000, 0x0000, 
	0x0000, 0x0000, 0x0000, 0x0000, 0x0000, 0x0000, 0x0000, 0x0000, 0x0000, 0x0000, 0x0000, 0x0000, 0x0000, 0x0000, 0x0000, 0x0000, 
	0x0000, 0x0000, 0x0000, 0x0000, 0x0000, 0x0000, 0x0000, 0x0000, 0x0000, 0x0000, 0x0000, 0x0000, 0x0000, 0x0000, 0x0000, 0x0000, 
	0x0000, 0x0000, 0x0000, 0x0000, 0x0000, 0x0000, 0x0000, 0x0000, 0x0000, 0x0000, 0x0000, 0x0000, 0x0000, 0x0000, 0x0000, 0x0000, 
	0x0000, 0x0000, 0x0000, 0x0000, 0x0000, 0x0000, 0x0000, 0x0000, 0x0000, 0x0000, 0x0000, 0x0000, 0x0000, 0x0000, 0x0000, 0x0000, 
	0x0000, 0x0000, 0x0000, 0x0000, 0x0000, 0x0000, 0x0000, 0x0000, 0x0000, 0x0000, 0x0000, 0x0000, 0x0000, 0x0000, 0x0000, 0x3985, 
	0x7bad, 0xb533, 0xbd73, 0xbd93, 0xbd94, 0xc5b4, 0xc5d5, 0xb532, 0x7b8c, 0x942e, 0xa4b0, 0x942e, 0xacd1, 0x62a8, 0x7b4b, 0xa490, 
	0xa4b0, 0x8bed, 0x8bed, 0x93ed, 0x93ed, 0x8bed, 0x9c4f, 0xa46f, 0x9c4f, 0x8bcc, 0x7b6b, 0x836b, 0x9c4e, 0xa490, 0xacb0, 0xacf1, 
	0xacd0, 0xa4af, 0x9c4e, 0x9c2d, 0x9c4e, 0xacaf, 0xb511, 0xbd52, 0xc593, 0xcdd4, 0x9c70, 0x3185, 0x0000, 0x0000, 0x0000, 0x0000, 
	0x0000, 0x0000, 0x0000, 0x0000, 0x0000, 0x0000, 0x0000, 0x0000, 0x0000, 0x0000, 0x0000, 0x0000, 0x0000, 0x0000, 0x0000, 0x0000, 
	0x0000, 0x0000, 0x0000, 0x0000, 0x0000, 0x0000, 0x0000, 0x0000, 0x0000, 0x0000, 0x0000, 0x0000, 0x0000, 0x0000, 0x0000, 0x0000, 
	0x0000, 0x0000, 0x0000, 0x0000, 0x0000, 0x0000, 0x0000, 0x0000, 0x0000, 0x0000, 0x0000, 0x0000, 0x0000, 0x0000, 0x0000, 0x0000, 
	0x0000, 0x0000, 0x0000, 0x0000, 0x0000, 0x0000, 0x0000, 0x0000, 0x0000, 0x0000, 0x0000, 0x0000, 0x0000, 0x0000, 0x0000, 0x0000, 
	0x0000, 0x0000, 0x0000, 0x0000, 0x0000, 0x0000, 0x0000, 0x0000, 0x0000, 0x0000, 0x0000, 0x0000, 0x0000, 0x0000, 0x0000, 0x0000, 
	0x0000, 0x0000, 0x0000, 0x0000, 0x0000, 0x0000, 0x0000, 0x0000, 0x0000, 0x0000, 0x0000, 0x0000, 0x0000, 0x0000, 0x0000, 0x0000, 
	0x0000, 0x0000, 0x0000, 0x0000, 0x0000, 0x0000, 0x0000, 0x0000, 0x0000, 0x0000, 0x0000, 0x0000, 0x0000, 0x0000, 0x4a27, 0xc5b4, 
	0xde76, 0xde97, 0xe697, 0xcdf5, 0xc594, 0xc553, 0xb512, 0xacd0, 0x9c4f, 0x9c2e, 0x9c4e, 0x7b6b, 0x7b6b, 0x6288, 0x6288, 0x9c4f, 
	0x8bed, 0x940e, 0x8bac, 0x8bed, 0x9c6f, 0x940d, 0x8bac, 0x9c4f, 0xa48f, 0xa4b0, 0x93ed, 0x732a, 0x6aa8, 0x83ac, 0x9c4e, 0xacf1, 
	0xb511, 0xb4f1, 0xa4af, 0xacd0, 0xa48f, 0x9c4e, 0xa46e, 0xacd0, 0xbd31, 0xc593, 0xcdf5, 0xc5b4, 0x62c9, 0x0000, 0x0000, 0x0000, 
	0x0000, 0x0000, 0x0000, 0x0000, 0x0000, 0x0000, 0x0000, 0x0000, 0x0000, 0x0000, 0x0000, 0x0000, 0x0000, 0x0000, 0x0000, 0x0000, 
	0x0000, 0x0000, 0x0000, 0x0000, 0x0000, 0x0000, 0x0000, 0x0000, 0x0000, 0x0000, 0x0000, 0x0000, 0x0000, 0x0000, 0x0000, 0x0000, 
	0x0000, 0x0000, 0x0000, 0x0000, 0x0000, 0x0000, 0x0000, 0x0000, 0x0000, 0x0000, 0x0000, 0x0000, 0x0000, 0x0000, 0x0000, 0x0000, 
	0x0000, 0x0000, 0x0000, 0x0000, 0x0000, 0x0000, 0x0000, 0x0000, 0x0000, 0x0000, 0x0000, 0x0000, 0x0000, 0x0000, 0x0000, 0x0000, 
	0x0000, 0x0000, 0x0000, 0x0000, 0x0000, 0x0000, 0x0000, 0x0000, 0x0000, 0x0000, 0x0000, 0x0000, 0x0000, 0x0000, 0x0000, 0x0000, 
	0x0000, 0x0000, 0x0000, 0x0000, 0x0000, 0x0000, 0x0000, 0x0000, 0x0000, 0x0000, 0x0000, 0x0000, 0x0000, 0x0000, 0x0000, 0x0000, 
	0x0000, 0x0000, 0x0000, 0x0000, 0x0000, 0x0000, 0x0000, 0x0000, 0x0000, 0x0000, 0x0000, 0x0000, 0x0000, 0x4a26, 0xbd93, 0xcdd4, 
	0xc5b3, 0xb532, 0xb532, 0xb532, 0xb4f1, 0x9c4f, 0x940e, 0x9c2e, 0x8bcd, 0x8bcd, 0x8bcc, 0x7b4b, 0x7b2b, 0x5a47, 0x5a68, 0x940e, 
	0x83ac, 0x9c4f, 0x730a, 0x8bac, 0x8bed, 0xa46f, 0x9c4e, 0x8bcd, 0x9c2e, 0xa490, 0xacf1, 0x9c4f, 0x72e9, 0x72e9, 0x836b, 0x93ed, 
	0xacb0, 0xbd32, 0xacd0, 0xa48f, 0xb4f1, 0xb511, 0xa48f, 0xa46e, 0xacd0, 0xbd52, 0xc593, 0xd614, 0xd636, 0xad32, 0x18e1, 0x0000, 
	0x0000, 0x0000, 0x0000, 0x0000, 0x0000, 0x0000, 0x0000, 0x0000, 0x0000, 0x0000, 0x0000, 0x0000, 0x0000, 0x0000, 0x0000, 0x0000, 
	0x0000, 0x0000, 0x0000, 0x0000, 0x0000, 0x0000, 0x0000, 0x0000, 0x0000, 0x0000, 0x0000, 0x0000, 0x0000, 0x0000, 0x0000, 0x0000, 
	0x0000, 0x0000, 0x0000, 0x0000, 0x0000, 0x0000, 0x0000, 0x0000, 0x0000, 0x0000, 0x0000, 0x0000, 0x0000, 0x0000, 0x0000, 0x0000, 
	0x0000, 0x0000, 0x0000, 0x0000, 0x0000, 0x0000, 0x0000, 0x0000, 0x0000, 0x0000, 0x0000, 0x0000, 0x0000, 0x0000, 0x0000, 0x0000, 
	0x0000, 0x0000, 0x0000, 0x0000, 0x0000, 0x0000, 0x0000, 0x0000, 0x0000, 0x0000, 0x0000, 0x0000, 0x0000, 0x0000, 0x0000, 0x0000, 
	0x0000, 0x0000, 0x0000, 0x0000, 0x0000, 0x0000, 0x0000, 0x0000, 0x0000, 0x0000, 0x0000, 0x0000, 0x0000, 0x0000, 0x0000, 0x0000, 
	0x0000, 0x0000, 0x0000, 0x0000, 0x0000, 0x0000, 0x0000, 0x0000, 0x0000, 0x0000, 0x0000, 0x3944, 0x940f, 0xc573, 0xb511, 0x8bed, 
	0x8bed, 0x8bcc, 0xa490, 0xa4b0, 0xa470, 0x8bcd, 0x836c, 0x940e, 0x8bad, 0x83ac, 0x8bac, 0x838c, 0x6aa8, 0x6ac9, 0x5a26, 0x838c, 
	0x83ac, 0x940e, 0x6ae9, 0x72e9, 0x7b4b, 0x940d, 0x9c4e, 0x9c4e, 0x8bcc, 0x9c6f, 0xa4b0, 0xacd1, 0xa46f, 0x836b, 0x7b2a, 0x732a, 
	0x8bac, 0xacd0, 0xbd52, 0xacf0, 0xacaf, 0xbd32, 0xbd51, 0xb510, 0xacd0, 0xb531, 0xbd72, 0xc5b3, 0xd635, 0xde76, 0xce35, 0x5a88, 
	0x0000, 0x0000, 0x0000, 0x0000, 0x0000, 0x0000, 0x0000, 0x0000, 0x0000, 0x0000, 0x0000, 0x0000, 0x0000, 0x0000, 0x0000, 0x0000, 
	0x0000, 0x0000, 0x0000, 0x0000, 0x0000, 0x0000, 0x0000, 0x0000, 0x0000, 0x0000, 0x0000, 0x0000, 0x0000, 0x0000, 0x0000, 0x0000, 
	0x0000, 0x0000, 0x0000, 0x0000, 0x0000, 0x0000, 0x0000, 0x0000, 0x0000, 0x0000, 0x0000, 0x0000, 0x0000, 0x0000, 0x0000, 0x0000, 
	0x0000, 0x0000, 0x0000, 0x0000, 0x0000, 0x0000, 0x0000, 0x0000, 0x0000, 0x0000, 0x0000, 0x0000, 0x0000, 0x0000, 0x0000, 0x0000, 
	0x0000, 0x0000, 0x0000, 0x0000, 0x0000, 0x0000, 0x0000, 0x0000, 0x0000, 0x0000, 0x0000, 0x0000, 0x0000, 0x0000, 0x0000, 0x0000, 
	0x0000, 0x0000, 0x0000, 0x0000, 0x0000, 0x0000, 0x0000, 0x0000, 0x0000, 0x0000, 0x0000, 0x0000, 0x0000, 0x0000, 0x0000, 0x0000, 
	0x0000, 0x0000, 0x0000, 0x0000, 0x0000, 0x0000, 0x0000, 0x0000, 0x0000, 0x20e3, 0x738c, 0xbd93, 0xbd32, 0x9c4f, 0x730a, 0x5226, 
	0x83ac, 0x9c2e, 0xa46f, 0xacd1, 0x8bcd, 0x8bad, 0x8bcd, 0x7b4b, 0x83ac, 0x838c, 0x83ac, 0x83ac, 0x5a27, 0x6ac9, 0x6ac9, 0x836b, 
	0x8bcd, 0x8bcd, 0x83ac, 0x72ea, 0x6ac9, 0x836b, 0x940e, 0xa46f, 0x9c4e, 0x8bed, 0xa46f, 0xacb0, 0xb511, 0xa490, 0x83ac, 0x7b4b, 
	0x730a, 0x83ac, 0xb511, 0xbd52, 0xa48f, 0xb4f0, 0xbd31, 0xbd51, 0xbd31, 0xb531, 0xbd51, 0xc5b3, 0xcdf4, 0xde55, 0xe696, 0xde56, 
	0x732b, 0x0000, 0x0000, 0x0000, 0x0000, 0x0000, 0x0000, 0x0000, 0x0000, 0x0000, 0x0000, 0x0000, 0x0000, 0x0000, 0x0000, 0x0000, 
	0x0000, 0x0000, 0x0000, 0x0000, 0x0000, 0x0000, 0x0000, 0x0000, 0x0000, 0x0000, 0x0000, 0x0000, 0x0000, 0x0000, 0x0000, 0x0000, 
	0x0000, 0x0000, 0x0000, 0x0000, 0x0000, 0x0000, 0x0000, 0x0000, 0x0000, 0x0000, 0x0000, 0x0000, 0x0000, 0x0000, 0x0000, 0x0000, 
	0x0000, 0x0000, 0x0000, 0x0000, 0x0000, 0x0000, 0x0000, 0x0000, 0x0000, 0x0000, 0x0000, 0x0000, 0x0000, 0x0000, 0x0000, 0x0000, 
	0x0000, 0x0000, 0x0000, 0x0000, 0x0000, 0x0000, 0x0000, 0x0000, 0x0000, 0x0000, 0x0000, 0x0000, 0x0000, 0x0000, 0x0000, 0x0000, 
	0x0000, 0x0000, 0x0000, 0x0000, 0x0000, 0x0000, 0x0000, 0x0000, 0x0000, 0x0000, 0x0000, 0x0000, 0x0000, 0x0000, 0x0000, 0x0000, 
	0x0000, 0x0000, 0x0000, 0x0000, 0x0000, 0x0000, 0x0000, 0x39c6, 0x8c0f, 0xad13, 0xad32, 0xacd1, 0x9c6f, 0x62a8, 0x6ae9, 0x6287, 
	0x8bcd, 0x9c2e, 0x9c6f, 0xa4b0, 0x83ac, 0x838c, 0x8bed, 0x7b2a, 0x836b, 0x838c, 0x7b6b, 0x838c, 0x5a27, 0x6268, 0x7b6b, 0x838c, 
	0x8bcd, 0x8bcd, 0x6aa8, 0x83ac, 0x730a, 0x6ac8, 0x8bed, 0x9c4e, 0xa48f, 0x9c2e, 0x8bcc, 0xa490, 0xacd1, 0xb512, 0xacb0, 0x940e, 
	0x836b, 0x6ae9, 0x942e, 0xb552, 0xbd52, 0xa4af, 0xb511, 0xbd52, 0xbd72, 0xbd72, 0xb531, 0xbd72, 0xcdd3, 0xd5f4, 0xde76, 0xe6b7, 
	0xe6b8, 0x83ce, 0x0000, 0x0000, 0x0000, 0x0000, 0x0000, 0x0000, 0x0000, 0x0000, 0x0000, 0x0000, 0x0000, 0x0000, 0x0000, 0x0000, 
	0x0000, 0x0000, 0x0000, 0x0000, 0x0000, 0x0000, 0x0000, 0x0000, 0x0000, 0x0000, 0x0000, 0x0000, 0x0000, 0x0000, 0x0000, 0x0000, 
	0x0000, 0x0000, 0x0000, 0x0000, 0x0000, 0x0000, 0x0000, 0x0000, 0x0000, 0x0000, 0x0000, 0x0000, 0x0000, 0x0000, 0x0000, 0x0000, 
	0x0000, 0x0000, 0x0000, 0x0000, 0x0000, 0x0000, 0x0000, 0x0000, 0x0000, 0x0000, 0x0000, 0x0000, 0x0000, 0x0000, 0x0000, 0x0000, 
	0x0000, 0x0000, 0x0000, 0x0000, 0x0000, 0x0000, 0x0000, 0x0000, 0x0000, 0x0000, 0x0000, 0x0000, 0x0000, 0x0000, 0x0000, 0x0000, 
	0x0000, 0x0000, 0x0000, 0x0000, 0x0000, 0x0000, 0x0000, 0x0000, 0x0000, 0x0000, 0x0000, 0x0000, 0x0000, 0x0000, 0x0000, 0x0000, 
	0x0000, 0x0000, 0x0000, 0x0000, 0x0000, 0x0000, 0x5aca, 0xad12, 0xb512, 0xacb0, 0xa490, 0x9c4f, 0x6ac8, 0x5a46, 0x6ac8, 0x7b2a, 
	0x940e, 0x940e, 0xa4b0, 0x940e, 0x8bcd, 0x7b4b, 0x8bcd, 0x7b6b, 0x7b4b, 0x7b6b, 0x836b, 0x838c, 0x5226, 0x6aa9, 0x730a, 0x7b4b, 
	0x940e, 0x940e, 0x72ea, 0x732a, 0x7b6b, 0x730a, 0x6ac9, 0x940e, 0xa46f, 0xa4b0, 0x8bed, 0x940e, 0xa490, 0xbd52, 0xacf1, 0xacb0, 
	0x942e, 0x7b4a, 0x6b09, 0x9c8f, 0xbd73, 0xb511, 0xacf1, 0xb531, 0xc572, 0xc592, 0xbd72, 0xbd31, 0xbd72, 0xcdd3, 0xd615, 0xeed7, 
	0xe6d7, 0xe6d8, 0x632a, 0x0000, 0x0000, 0x0000, 0x0000, 0x0000, 0x0000, 0x0000, 0x0000, 0x0000, 0x0000, 0x0000, 0x0000, 0x0000, 
	0x0000, 0x0000, 0x0000, 0x0000, 0x0000, 0x0000, 0x0000, 0x0000, 0x0000, 0x0000, 0x0000, 0x0000, 0x0000, 0x0000, 0x0000, 0x0000, 
	0x0000, 0x0000, 0x0000, 0x0000, 0x0000, 0x0000, 0x0000, 0x0000, 0x0000, 0x0000, 0x0000, 0x0000, 0x0000, 0x0000, 0x0000, 0x0000, 
	0x0000, 0x0000, 0x0000, 0x0000, 0x0000, 0x0000, 0x0000, 0x0000, 0x0000, 0x0000, 0x0000, 0x0000, 0x0000, 0x0000, 0x0000, 0x0000, 
	0x0000, 0x0000, 0x0000, 0x0000, 0x0000, 0x0000, 0x0000, 0x0000, 0x0000, 0x0000, 0x0000, 0x0000, 0x0000, 0x0000, 0x0000, 0x0000, 
	0x0000, 0x0000, 0x0000, 0x0000, 0x0000, 0x0000, 0x0000, 0x0000, 0x0000, 0x0000, 0x0000, 0x0000, 0x0000, 0x0000, 0x0000, 0x0000, 
	0x0000, 0x0000, 0x0000, 0x0000, 0x20e3, 0x8bee, 0xbd53, 0xa4b0, 0x9c4e, 0x9c2e, 0x9c2e, 0x940d, 0x49e5, 0x6288, 0x6aa8, 0x838b, 
	0x940e, 0x940e, 0xacb1, 0x838c, 0x836c, 0x7b6b, 0x8bcd, 0x732a, 0x836c, 0x7b2a, 0x838c, 0x838c, 0x5206, 0x6ac9, 0x72e9, 0x7309, 
	0x93ed, 0x940e, 0x836b, 0x6ac9, 0x836c, 0x7b2b, 0x72ea, 0x838c, 0x9c4f, 0xa490, 0xa490, 0x93ed, 0x9c2e, 0xacd1, 0xb532, 0xacb0, 
	0x9c6f, 0x9c6f, 0x732a, 0x7b4a, 0xacf1, 0xc593, 0xb511, 0xacf0, 0xbd72, 0xc5b3, 0xc572, 0xbd72, 0xb510, 0xc5b3, 0xc5b3, 0xde35, 
	0xe6b7, 0xe6d7, 0xe6f8, 0x632a, 0x0000, 0x0000, 0x0000, 0x0000, 0x0000, 0x0000, 0x0000, 0x0000, 0x0000, 0x0000, 0x0000, 0x0000, 
	0x0000, 0x0000, 0x0000, 0x0000, 0x0000, 0x0000, 0x0000, 0x0000, 0x0000, 0x0000, 0x0000, 0x0000, 0x0000, 0x0000, 0x0000, 0x0000, 
	0x0000, 0x0000, 0x0000, 0x0000, 0x0000, 0x0000, 0x0000, 0x0000, 0x0000, 0x0000, 0x0000, 0x0000, 0x0000, 0x0000, 0x0000, 0x0000, 
	0x0000, 0x0000, 0x0000, 0x0000, 0x0000, 0x0000, 0x0000, 0x0000, 0x0000, 0x0000, 0x0000, 0x0000, 0x0000, 0x0000, 0x0000, 0x0000, 
	0x0000, 0x0000, 0x0000, 0x0000, 0x0000, 0x0000, 0x0000, 0x0000, 0x0000, 0x0000, 0x0000, 0x0000, 0x0000, 0x0000, 0x0000, 0x0000, 
	0x0000, 0x0000, 0x0000, 0x0000, 0x0000, 0x0000, 0x0000, 0x0000, 0x0000, 0x0000, 0x0000, 0x0000, 0x0000, 0x0000, 0x0000, 0x0000, 
	0x0000, 0x0000, 0x0000, 0x3184, 0xa4f1, 0xbd53, 0x9c6f, 0x940d, 0x9c2e, 0x940e, 0x9c2e, 0x6ae9, 0x49c5, 0x6288, 0x72ea, 0x836c, 
	0x8bed, 0x9c4f, 0x9c70, 0x8bad, 0x7b2b, 0x83ac, 0x836c, 0x7b4b, 0x838c, 0x6ac9, 0x83ac, 0x838b, 0x6267, 0x6aa9, 0x6ae9, 0x72e9, 
	0x8bcd, 0x8bac, 0x836b, 0x7b2a, 0x7b6b, 0x838c, 0x732a, 0x732a, 0x9c4f, 0x9c4e, 0xa490, 0x9c6f, 0x93ed, 0x9c6f, 0xbd32, 0xb4f1, 
	0xa46f, 0xacd0, 0x942e, 0x7309, 0x940e, 0xbd53, 0xbd52, 0x9c8f, 0xb532, 0xc5b3, 0xc592, 0xc592, 0xb510, 0xbd52, 0xbd72, 0xcdd3, 
	0xe697, 0xeeb7, 0xeeb7, 0xeef8, 0x4a46, 0x0000, 0x0000, 0x0000, 0x0000, 0x0000, 0x0000, 0x0000, 0x0000, 0x0000, 0x0000, 0x0000, 
	0x0000, 0x0000, 0x0000, 0x0000, 0x0000, 0x0000, 0x0000, 0x0000, 0x0000, 0x0000, 0x0000, 0x0000, 0x0000, 0x0000, 0x0000, 0x0000, 
	0x0000, 0x0000, 0x0000, 0x0000, 0x0000, 0x0000, 0x0000, 0x0000, 0x0000, 0x0000, 0x0000, 0x0000, 0x0000, 0x0000, 0x0000, 0x0000, 
	0x0000, 0x0000, 0x0000, 0x0000, 0x0000, 0x0000, 0x0000, 0x0000, 0x0000, 0x0000, 0x0000, 0x0000, 0x0000, 0x0000, 0x0000, 0x0000, 
	0x0000, 0x0000, 0x0000, 0x0000, 0x0000, 0x0000, 0x0000, 0x0000, 0x0000, 0x0000, 0x0000, 0x0000, 0x0000, 0x0000, 0x0000, 0x0000, 
	0x0000, 0x0000, 0x0000, 0x0000, 0x0000, 0x0000, 0x0000, 0x0000, 0x0000, 0x0000, 0x0000, 0x0000, 0x0000, 0x0000, 0x0000, 0x0000, 
	0x0000, 0x0000, 0x4a07, 0xad12, 0xb552, 0x9c6f, 0x8bcd, 0x940e, 0x940e, 0x940e, 0x940e, 0x51e6, 0x4184, 0x6288, 0x7b2b, 0x7b4b, 
	0x93ee, 0xacb1, 0x8bed, 0x8bcd, 0x7b4b, 0x8bcd, 0x7b2b, 0x836b, 0x7b6b, 0x62a8, 0x838c, 0x838c, 0x6268, 0x6aa8, 0x72e9, 0x6ae9, 
	0x8bcd, 0x8bac, 0x836b, 0x6288, 0x732a, 0x836c, 0x838c, 0x838c, 0x940e, 0x9c2e, 0xa46f, 0xacb0, 0x9c2e, 0x9c2e, 0xa4b0, 0xb532, 
	0xacb0, 0x9c6f, 0x9c6f, 0x83ac, 0x732a, 0xa4d0, 0xc5d4, 0xacd0, 0xb511, 0xbd72, 0xc592, 0xcdb3, 0xbd51, 0xb511, 0xb511, 0xc593, 
	0xcdf4, 0xe6b7, 0xeed7, 0xe6b7, 0xdeb8, 0x4227, 0x0000, 0x0000, 0x0000, 0x0000, 0x0000, 0x0000, 0x0000, 0x0000, 0x0000, 0x0000, 
	0x0000, 0x0000, 0x0000, 0x0000, 0x0000, 0x0000, 0x0000, 0x0000, 0x0000, 0x0000, 0x0000, 0x0000, 0x0000, 0x0000, 0x0000, 0x0000, 
	0x0000, 0x0000, 0x0000, 0x0000, 0x0000, 0x0000, 0x0000, 0x0000, 0x0000, 0x0000, 0x0000, 0x0000, 0x0000, 0x0000, 0x0000, 0x0000, 
	0x0000, 0x0000, 0x0000, 0x0000, 0x0000, 0x0000, 0x0000, 0x0000, 0x0000, 0x0000, 0x0000, 0x0000, 0x0000, 0x0000, 0x0000, 0x0000, 
	0x0000, 0x0000, 0x0000, 0x0000, 0x0000, 0x0000, 0x0000, 0x0000, 0x0000, 0x0000, 0x0000, 0x0000, 0x0000, 0x0000, 0x0000, 0x0000, 
	0x0000, 0x0000, 0x0000, 0x0000, 0x0000, 0x0000, 0x0000, 0x0000, 0x0000, 0x0000, 0x0000, 0x0000, 0x0000, 0x0000, 0x0000, 0x0000, 
	0x0000, 0x4206, 0xad12, 0xbd93, 0xa490, 0x8bcd, 0x8bed, 0x942f, 0x93ee, 0x940e, 0x7b6b, 0x3922, 0x4184, 0x62a9, 0x730a, 0x836c, 
	0x940e, 0xa470, 0x8bcd, 0x8bad, 0x83ac, 0x8bad, 0x732a, 0x838c, 0x7b4b, 0x6aa8, 0x8bcd, 0x8bac, 0x6268, 0x6ac9, 0x730a, 0x6ae9, 
	0x8bcc, 0x8bac, 0x838c, 0x6aa8, 0x6aa8, 0x5a67, 0x7b6b, 0x940e, 0x93ed, 0x9c4f, 0x9c4f, 0xa490, 0xa490, 0x940e, 0xa48f, 0xb512, 
	0xacd1, 0xacb0, 0x9c2e, 0x9c6f, 0x730a, 0x83ac, 0xbd94, 0xbd73, 0xa4b0, 0xbd52, 0xc592, 0xc5b3, 0xcdb3, 0xb511, 0xacd0, 0xbd72, 
	0xc593, 0xde55, 0xeed7, 0xeed7, 0xeed7, 0xc5d4, 0x18c0, 0x0000, 0x0000, 0x0000, 0x0000, 0x0000, 0x0000, 0x0000, 0x0000, 0x0000, 
	0x0000, 0x0000, 0x0000, 0x0000, 0x0000, 0x0000, 0x0000, 0x0000, 0x0000, 0x0000, 0x0000, 0x0000, 0x0000, 0x0000, 0x0000, 0x0000, 
	0x0000, 0x0000, 0x0000, 0x0000, 0x0000, 0x0000, 0x0000, 0x0000, 0x0000, 0x0000, 0x0000, 0x0000, 0x0000, 0x0000, 0x0000, 0x0000, 
	0x0000, 0x0000, 0x0000, 0x0000, 0x0000, 0x0000, 0x0000, 0x0000, 0x0000, 0x0000, 0x0000, 0x0000, 0x0000, 0x0000, 0x0000, 0x0000, 
	0x0000, 0x0000, 0x0000, 0x0000, 0x0000, 0x0000, 0x0000, 0x0000, 0x0000, 0x0000, 0x0000, 0x0000, 0x0000, 0x0000, 0x0000, 0x0000, 
	0x0000, 0x0000, 0x0000, 0x0000, 0x0000, 0x0000, 0x0000, 0x0000, 0x0000, 0x0000, 0x0000, 0x0000, 0x0000, 0x0000, 0x0000, 0x0000, 
	0x5289, 0xad32, 0xbd93, 0xa4b0, 0x8bed, 0x83ad, 0x940e, 0x8bee, 0x940e, 0x940e, 0x5a47, 0x3102, 0x5227, 0x4164, 0x72ea, 0x838c, 
	0x940e, 0x9c2f, 0x8bad, 0x7b4b, 0x8bcd, 0x838c, 0x7b2b, 0x838c, 0x730a, 0x6aa8, 0x93ed, 0x8bac, 0x6aa9, 0x730a, 0x730a, 0x72e9, 
	0x8bac, 0x8bcd, 0x838c, 0x72c9, 0x6aa9, 0x49c5, 0x6aa9, 0x8bcd, 0x836c, 0x940e, 0x9c2f, 0xa490, 0xa490, 0xa490, 0xa48f, 0xacf1, 
	0xb4f1, 0x9c6f, 0xacb0, 0x93ed, 0xa4b0, 0x838c, 0xacd1, 0xc5b5, 0xa4b0, 0xbd52, 0xc593, 0xc593, 0xcdb3, 0xbd52, 0xa48f, 0xb511, 
	0xc572, 0xcdb3, 0xe696, 0xeef8, 0xeed7, 0xf739, 0x944f, 0x0000, 0x0000, 0x0000, 0x0000, 0x0000, 0x0000, 0x0000, 0x0000, 0x0000, 
	0x0000, 0x0000, 0x0000, 0x0000, 0x0000, 0x0000, 0x0000, 0x0000, 0x0000, 0x0000, 0x0000, 0x0000, 0x0000, 0x0000, 0x0000, 0x0000, 
	0x0000, 0x0000, 0x0000, 0x0000, 0x0000, 0x0000, 0x0000, 0x0000, 0x0000, 0x0000, 0x0000, 0x0000, 0x0000, 0x0000, 0x0000, 0x0000, 
	0x0000, 0x0000, 0x0000, 0x0000, 0x0000, 0x0000, 0x0000, 0x0000, 0x0000, 0x0000, 0x0000, 0x0000, 0x0000, 0x0000, 0x0000, 0x0000, 
	0x0000, 0x0000, 0x0000, 0x0000, 0x0000, 0x0000, 0x0000, 0x0000, 0x0000, 0x0000, 0x0000, 0x0000, 0x0000, 0x0000, 0x0000, 0x0000, 
	0x0000, 0x0000, 0x0000, 0x0000, 0x0000, 0x0000, 0x0000, 0x0000, 0x0000, 0x0000, 0x0000, 0x0000, 0x0000, 0x0000, 0x0000, 0x52a8, 
	0xad32, 0xbd93, 0xa4d0, 0x8bee, 0x83ac, 0x940e, 0x8bee, 0x8bed, 0x93ee, 0x8bcd, 0x5206, 0x51c5, 0x4184, 0x4184, 0x62a8, 0x836c, 
	0x9c2f, 0x8bcd, 0x93ee, 0x7b4b, 0x93ee, 0x7b6c, 0x7b2b, 0x838c, 0x72e9, 0x6aa8, 0x93ed, 0x8b8c, 0x6a88, 0x7b0a, 0x730a, 0x72e9, 
	0x8bac, 0x8bcd, 0x8bac, 0x72c9, 0x72e9, 0x5206, 0x6268, 0x7b0a, 0x836c, 0x8bad, 0x8bed, 0x940e, 0xa470, 0xa490, 0xa490, 0xa4b0, 
	0xb511, 0x9c6f, 0xa4b0, 0x942e, 0x8bed, 0xacd1, 0x940e, 0xc5b5, 0xacd1, 0xacd0, 0xbd72, 0xc593, 0xbd31, 0xcdd4, 0xacd0, 0xb4f0, 
	0xbd31, 0xbd52, 0xd614, 0xe6b7, 0xf6f8, 0xf718, 0xf77a, 0x9cb1, 0x0000, 0x0000, 0x0000, 0x0000, 0x0000, 0x0000, 0x0000, 0x0000, 
	0x0000, 0x0000, 0x0000, 0x0000, 0x0000, 0x0000, 0x0000, 0x0000, 0x0000, 0x0000, 0x0000, 0x0000, 0x0000, 0x0000, 0x0000, 0x0000, 
	0x0000, 0x0000, 0x0000, 0x0000, 0x0000, 0x0000, 0x0000, 0x0000, 0x0000, 0x0000, 0x0000, 0x0000, 0x0000, 0x0000, 0x0000, 0x0000, 
	0x0000, 0x0000, 0x0000, 0x0000, 0x0000, 0x0000, 0x0000, 0x0000, 0x0000, 0x0000, 0x0000, 0x0000, 0x0000, 0x0000, 0x0000, 0x0000, 
	0x0000, 0x0000, 0x0000, 0x0000, 0x0000, 0x0000, 0x0000, 0x0000, 0x0000, 0x0000, 0x0000, 0x0000, 0x0000, 0x0000, 0x0000, 0x0000, 
	0x0000, 0x0000, 0x0000, 0x0000, 0x0000, 0x0000, 0x0000, 0x0000, 0x0000, 0x0000, 0x0000, 0x0000, 0x0000, 0x0000, 0x2123, 0x9cb1, 
	0xb573, 0xa4b0, 0x940e, 0x7b6b, 0x8bed, 0x93ed, 0x8bcd, 0x8bee, 0x940e, 0x836c, 0x5a47, 0x5a26, 0x4164, 0x49a4, 0x6aa9, 0x838c, 
	0x9c2f, 0x8bcd, 0x93ee, 0x836c, 0x93ee, 0x7b2b, 0x7b4b, 0x8bac, 0x72e9, 0x62a8, 0x8bcd, 0x8bac, 0x6288, 0x7b2b, 0x7b2a, 0x7b2a, 
	0x8bac, 0x93cd, 0x8bac, 0x6ac9, 0x72e9, 0x6267, 0x6a88, 0x6aa8, 0x7b4b, 0x8bad, 0x8bcd, 0x8bcd, 0x940e, 0x9c6f, 0x9c6f, 0x9c4f, 
	0xb511, 0xa4b0, 0x9c6f, 0xa490, 0x8bed, 0xb512, 0xbd53, 0xbd93, 0xbd53, 0xa4af, 0xbd72, 0xc5b3, 0xb511, 0xcdf4, 0xbd72, 0xa4af, 
	0xacf0, 0xb511, 0xc5b3, 0xde76, 0xeed7, 0xf6f8, 0xf759, 0xef39, 0x5a88, 0x0000, 0x0000, 0x0000, 0x0000, 0x0000, 0x0000, 0x0000, 
	0x0000, 0x0000, 0x0000, 0x0000, 0x0000, 0x0000, 0x0000, 0x0000, 0x0000, 0x0000, 0x0000, 0x0000, 0x0000, 0x0000, 0x0000, 0x0000, 
	0x0000, 0x0000, 0x0000, 0x0000, 0x0000, 0x0000, 0x0000, 0x0000, 0x0000, 0x0000, 0x0000, 0x0000, 0x0000, 0x0000, 0x0000, 0x0000, 
	0x0000, 0x0000, 0x0000, 0x0000, 0x0000, 0x0000, 0x0000, 0x0000, 0x0000, 0x0000, 0x0000, 0x0000, 0x0000, 0x0000, 0x0000, 0x0000, 
	0x0000, 0x0000, 0x0000, 0x0000, 0x0000, 0x0000, 0x0000, 0x0000, 0x0000, 0x0000, 0x0000, 0x0000, 0x0000, 0x0000, 0x0000, 0x0000, 
	0x0000, 0x0000, 0x0000, 0x0000, 0x0000, 0x0000, 0x0000, 0x0000, 0x0000, 0x0000, 0x0000, 0x0000, 0x0000, 0x0000, 0x736b, 0xb552, 
	0xa4d1, 0x944f, 0x8bed, 0x7b6b, 0x942e, 0x8bad, 0x8bed, 0x8bcd, 0x940e, 0x6aa9, 0x5a47, 0x5a47, 0x51e5, 0x51e5, 0x72e9, 0x8bcd, 
	0x940e, 0x8bcd, 0x83ad, 0x8bad, 0x8bee, 0x730a, 0x7b4b, 0x83ac, 0x6ac9, 0x6ac9, 0x83ac, 0x83ac, 0x6268, 0x7b2b, 0x7b4b, 0x7b4b, 
	0x8bac, 0x8bac, 0x8bac, 0x72c9, 0x72e9, 0x6268, 0x6247, 0x6247, 0x6ac9, 0x838c, 0x8bcd, 0x8b8c, 0x8bcd, 0x942e, 0x9c4f, 0x944e, 
	0xa4b0, 0xa4b0, 0x942e, 0x9c4f, 0x838c, 0x7b6b, 0xa4b0, 0xc594, 0xc593, 0xacd0, 0xb531, 0xc572, 0xb531, 0xc5b3, 0xc593, 0xbd52, 
	0x942d, 0xb511, 0xb531, 0xd615, 0xe697, 0xeed8, 0xf718, 0xff5a, 0xc594, 0x4a48, 0x0000, 0x0000, 0x0000, 0x0000, 0x0000, 0x0000, 
	0x0000, 0x0000, 0x0000, 0x0000, 0x0000, 0x0000, 0x0000, 0x0000, 0x0000, 0x0000, 0x0000, 0x0000, 0x0000, 0x0000, 0x0000, 0x0000, 
	0x0000, 0x0000, 0x0000, 0x0000, 0x0000, 0x0000, 0x0000, 0x0000, 0x0000, 0x0000, 0x0000, 0x0000, 0x0000, 0x0000, 0x0000, 0x0000, 
	0x0000, 0x0000, 0x0000, 0x0000, 0x0000, 0x0000, 0x0000, 0x0000, 0x0000, 0x0000, 0x0000, 0x0000, 0x0000, 0x0000, 0x0000, 0x0000, 
	0x0000, 0x0000, 0x0000, 0x0000, 0x0000, 0x0000, 0x0000, 0x0000, 0x0000, 0x0000, 0x0000, 0x0000, 0x0000, 0x0000, 0x0000, 0x0000, 
	0x0000, 0x0000, 0x0000, 0x0000, 0x0000, 0x0000, 0x0000, 0x0000, 0x0000, 0x0000, 0x0000, 0x0000, 0x0000, 0x20e3, 0xad32, 0xad11, 
	0x9c4f, 0x8bed, 0x838b, 0x8bed, 0x93ee, 0x8bad, 0x93ee, 0x93ed, 0x8bcd, 0x6268, 0x51e5, 0x6268, 0x5206, 0x5a47, 0x6ae9, 0x940e, 
	0x8bcd, 0x8bcd, 0x838c, 0x8bee, 0x8bad, 0x730a, 0x836c, 0x838c, 0x6aa9, 0x72ea, 0x838c, 0x8b8c, 0x6288, 0x72e9, 0x836b, 0x836b, 
	0x8bac, 0x8bac, 0x8bac, 0x72c9, 0x72e9, 0x6a68, 0x5a26, 0x5a06, 0x5a26, 0x732a, 0x8bcd, 0x8bac, 0x83ac, 0x8bed, 0x942e, 0x942e, 
	0x9c2e, 0xacb0, 0x940e, 0x8bad, 0x83ac, 0x6ac9, 0x8bcd, 0x9c4f, 0xcdf5, 0xbd52, 0xacd0, 0xbd52, 0xb531, 0xbd72, 0xc593, 0xbd72, 
	0x9c4e, 0xacb0, 0xb4f1, 0xc5b3, 0xd635, 0xeed7, 0xef18, 0xf759, 0xf75a, 0xad53, 0x1082, 0x0000, 0x0000, 0x0000, 0x0000, 0x0000, 
	0x0000, 0x0000, 0x0000, 0x0000, 0x0000, 0x0000, 0x0000, 0x0000, 0x0000, 0x0000, 0x0000, 0x0000, 0x0000, 0x0000, 0x0000, 0x0000, 
	0x0000, 0x0000, 0x0000, 0x0000, 0x0000, 0x0000, 0x0000, 0x0000, 0x0000, 0x0000, 0x0000, 0x0000, 0x0000, 0x0000, 0x0000, 0x0000, 
	0x0000, 0x0000, 0x0000, 0x0000, 0x0000, 0x0000, 0x0000, 0x0000, 0x0000, 0x0000, 0x0000, 0x0000, 0x0000, 0x0000, 0x0000, 0x0000, 
	0x0000, 0x0000, 0x0000, 0x0000, 0x0000, 0x0000, 0x0000, 0x0000, 0x0000, 0x0000, 0x0000, 0x0000, 0x0000, 0x0000, 0x0000, 0x0000, 
	0x0000, 0x0000, 0x0000, 0x0000, 0x0000, 0x0000, 0x0000, 0x0000, 0x0000, 0x0000, 0x0000, 0x0000, 0x0000, 0x738b, 0xb532, 0x9c6f, 
	0x942e, 0x8bed, 0x8bcc, 0x8c0d, 0x83ac, 0x8bad, 0x93ee, 0x9c0e, 0x836b, 0x6267, 0x49c5, 0x6a88, 0x6267, 0x5a47, 0x730a, 0x940e, 
	0x8bcd, 0x8bee, 0x838c, 0x940e, 0x836c, 0x72ea, 0x838c, 0x834c, 0x6288, 0x7b4b, 0x838c, 0x8b8c, 0x6a88, 0x72ea, 0x836b, 0x836b, 
	0x838c, 0x8bac, 0x8bad, 0x72c9, 0x72c9, 0x6a88, 0x6226, 0x6206, 0x61e6, 0x6227, 0x836b, 0x838c, 0x838c, 0x83ac, 0x940e, 0x940d, 
	0x940e, 0xacb0, 0x942e, 0x8bad, 0x732a, 0x7b6b, 0x6288, 0x7b6b, 0xc594, 0xcdb4, 0xacd0, 0xbd52, 0xb531, 0xb511, 0xc5b3, 0xbd52, 
	0xb4f1, 0x9c6e, 0xacd0, 0xb531, 0xc5b3, 0xde55, 0xeef8, 0xf718, 0xff7a, 0xded8, 0x5248, 0x0000, 0x0000, 0x0000, 0x0000, 0x0000, 
	0x0000, 0x0000, 0x0000, 0x0000, 0x0000, 0x0000, 0x0000, 0x0000, 0x0000, 0x0000, 0x0000, 0x0000, 0x0000, 0x0000, 0x0000, 0x0000, 
	0x0000, 0x0000, 0x0000, 0x0000, 0x0000, 0x0000, 0x0000, 0x0000, 0x0000, 0x0000, 0x0000, 0x0000, 0x0000, 0x0000, 0x0000, 0x0000, 
	0x0000, 0x0000, 0x0000, 0x0000, 0x0000, 0x0000, 0x0000, 0x0000, 0x0000, 0x0000, 0x0000, 0x0000, 0x0000, 0x0000, 0x0000, 0x0000, 
	0x0000, 0x0000, 0x0000, 0x0000, 0x0000, 0x0000, 0x0000, 0x0000, 0x0000, 0x0000, 0x0000, 0x0000, 0x0000, 0x0000, 0x0000, 0x0000, 
	0x0000, 0x0000, 0x0000, 0x0000, 0x0000, 0x0000, 0x0000, 0x0000, 0x0000, 0x0000, 0x0000, 0x0000, 0x52a9, 0xb552, 0x9c8f, 0x942e, 
	0x940e, 0x8bcc, 0x8bcd, 0x93ed, 0x7b4b, 0x940e, 0x940d, 0x9c2e, 0x834b, 0x5a26, 0x51e5, 0x6aa9, 0x6aa9, 0x6288, 0x7b4b, 0x940e, 
	0x8bcd, 0x8bcd, 0x838c, 0x93ee, 0x7b4b, 0x72ea, 0x838c, 0x836c, 0x6288, 0x7b2b, 0x838c, 0x834b, 0x6288, 0x730a, 0x836b, 0x838b, 
	0x838c, 0x8bac, 0x8bac, 0x72c9, 0x72c9, 0x6a67, 0x6226, 0x6206, 0x6206, 0x59e6, 0x72c9, 0x838c, 0x836c, 0x838c, 0x83ac, 0x93ed, 
	0x93ed, 0x9c4f, 0x942e, 0x8bac, 0x72e9, 0x7b4b, 0x72e9, 0x6aa8, 0xacd0, 0xcdb4, 0xbd52, 0xbd52, 0xb532, 0xacd0, 0xc573, 0xb511, 
	0xb511, 0xa48f, 0xa4af, 0xacb0, 0xc593, 0xcdd4, 0xe6b7, 0xeef8, 0xf739, 0xf79a, 0x6b6c, 0x0000, 0x0000, 0x0000, 0x0000, 0x0000, 
	0x0000, 0x0000, 0x0000, 0x0000, 0x0000, 0x0000, 0x0000, 0x0000, 0x0000, 0x0000, 0x0000, 0x0000, 0x0000, 0x0000, 0x0000, 0x0000, 
	0x0000, 0x0000, 0x0000, 0x0000, 0x0000, 0x0000, 0x0000, 0x0000, 0x0000, 0x0000, 0x0000, 0x0000, 0x0000, 0x0000, 0x0000, 0x0000, 
	0x0000, 0x0000, 0x0000, 0x0000, 0x0000, 0x0000, 0x0000, 0x0000, 0x0000, 0x0000, 0x0000, 0x0000, 0x0000, 0x0000, 0x0000, 0x0000, 
	0x0000, 0x0000, 0x0000, 0x0000, 0x0000, 0x0000, 0x0000, 0x0000, 0x0000, 0x0000, 0x0000, 0x0000, 0x0000, 0x0000, 0x0000, 0x0000, 
	0x0000, 0x0000, 0x0000, 0x0000, 0x0000, 0x0000, 0x0000, 0x0000, 0x0000, 0x0000, 0x0000, 0x2104, 0xacf2, 0xacb1, 0x942e, 0x942e, 
	0x8bcd, 0x8bed, 0x8bed, 0x8bcd, 0x838c, 0x9c0e, 0x940d, 0x93ed, 0x7b0a, 0x5a06, 0x5a06, 0x730a, 0x6ac9, 0x72ea, 0x8bad, 0x8bed, 
	0x8bee, 0x8bcd, 0x836c, 0x8bcd, 0x732b, 0x6aea, 0x838c, 0x7b2b, 0x6288, 0x7b2b, 0x836c, 0x7b4b, 0x6268, 0x7b2b, 0x7b4b, 0x836b, 
	0x838c, 0x8b8c, 0x8b8c, 0x72e9, 0x72a8, 0x6a67, 0x6a47, 0x6226, 0x6206, 0x6206, 0x6267, 0x7b2a, 0x7b6b, 0x7b2b, 0x7b4b, 0x8bcd, 
	0x8bcd, 0x940e, 0x9c4f, 0x8bcd, 0x7309, 0x6ac9, 0x72e9, 0x5a47, 0x9c2e, 0xb532, 0xbd73, 0xbd52, 0xb511, 0xacd0, 0xbd52, 0xa4af, 
	0xacd0, 0xacf0, 0x942d, 0x9c6f, 0xbd52, 0xbd52, 0xd635, 0xeef8, 0xf718, 0xff7a, 0x736c, 0x0000, 0x0000, 0x0000, 0x0000, 0x0000, 
	0x0000, 0x0000, 0x0000, 0x0000, 0x0000, 0x0000, 0x0000, 0x0000, 0x0000, 0x0000, 0x0000, 0x0000, 0x0000, 0x0000, 0x0000, 0x0000, 
	0x0000, 0x0000, 0x0000, 0x0000, 0x0000, 0x0000, 0x0000, 0x0000, 0x0000, 0x0000, 0x0000, 0x0000, 0x0000, 0x0000, 0x0000, 0x0000, 
	0x0000, 0x0000, 0x0000, 0x0000, 0x0000, 0x0000, 0x0000, 0x0000, 0x0000, 0x0000, 0x0000, 0x0000, 0x0000, 0x0000, 0x0000, 0x0000, 
	0x0000, 0x0000, 0x0000, 0x0000, 0x0000, 0x0000, 0x0000, 0x0000, 0x0000, 0x0000, 0x0000, 0x0000, 0x0000, 0x0000, 0x0000, 0x0000, 
	0x0000, 0x0000, 0x0000, 0x0000, 0x0000, 0x0000, 0x0000, 0x0000, 0x0000, 0x0000, 0x0000, 0x736c, 0xacf1, 0x9c4f, 0x942e, 0x942e, 
	0x838c, 0x940d, 0x93ed, 0x838b, 0x93ed, 0x9c0e, 0x940d, 0x8b8b, 0x7309, 0x5a26, 0x5a26, 0x730a, 0x7b0a, 0x730a, 0x93ee, 0x8bcd, 
	0x8bee, 0x838c, 0x836c, 0x8bcd, 0x732b, 0x6ac9, 0x838c, 0x730a, 0x6288, 0x7b2b, 0x836c, 0x7b2b, 0x5a47, 0x7b2b, 0x7b2b, 0x836b, 
	0x838c, 0x838c, 0x836b, 0x72e9, 0x6a88, 0x6a67, 0x6a47, 0x6226, 0x6226, 0x6226, 0x6226, 0x6ac9, 0x7b2b, 0x730a, 0x72ea, 0x838c, 
	0x8bcd, 0x8bcd, 0x9c4f, 0x8bcd, 0x72e9, 0x6aa8, 0x6aa8, 0x6ac9, 0x8bac, 0xa490, 0xbd53, 0xb532, 0xb511, 0xa4b0, 0xb531, 0x9c4e, 
	0xa48f, 0xa4af, 0x9c4e, 0x9c6f, 0xacb0, 0xbd52, 0xc593, 0xeeb7, 0xeef8, 0xf739, 0x7bad, 0x0000, 0x0000, 0x0000, 0x0000, 0x0000, 
	0x0000, 0x0000, 0x0000, 0x0000, 0x0000, 0x0000, 0x0000, 0x0000, 0x0000, 0x0000, 0x0000, 0x0000, 0x0000, 0x0000, 0x0000, 0x0000, 
	0x0000, 0x0000, 0x0000, 0x0000, 0x0000, 0x0000, 0x0000, 0x0000, 0x0000, 0x0000, 0x0000, 0x0000, 0x0000, 0x0000, 0x0000, 0x0000, 
	0x0000, 0x0000, 0x0000, 0x0000, 0x0000, 0x0000, 0x0000, 0x0000, 0x0000, 0x0000, 0x0000, 0x0000, 0x0000, 0x0000, 0x0000, 0x0000, 
	0x0000, 0x0000, 0x0000, 0x0000, 0x0000, 0x0000, 0x0000, 0x0000, 0x0000, 0x0000, 0x0000, 0x0000, 0x0000, 0x0000, 0x0000, 0x0000, 
	0x0000, 0x0000, 0x0000, 0x0000, 0x0000, 0x0000, 0x0000, 0x0000, 0x0000, 0x0000, 0x3165, 0xad12, 0xa490, 0x940e, 0x942e, 0x8bcd, 
	0x83ac, 0x940e, 0x8bcd, 0x836b, 0x940e, 0x940e, 0x93ed, 0x836b, 0x72e9, 0x6226, 0x6267, 0x72ea, 0x7b2a, 0x7b2a, 0x93ee, 0x8bac, 
	0x8bcd, 0x7b6c, 0x83ad, 0x8bcd, 0x730a, 0x6ac9, 0x836c, 0x732a, 0x6288, 0x72ea, 0x836c, 0x7b2b, 0x5a47, 0x730a, 0x7b0a, 0x834b, 
	0x836b, 0x836b, 0x7b4b, 0x72e9, 0x6a87, 0x6a67, 0x6a47, 0x6a47, 0x6226, 0x6226, 0x6226, 0x6aa9, 0x6aea, 0x730a, 0x6ac9, 0x72e9, 
	0x838c, 0x83ac, 0x940e, 0x8bcd, 0x72e9, 0x6a88, 0x6a88, 0x6aa9, 0x838c, 0xa490, 0xacd1, 0xb532, 0xb511, 0xa48f, 0xacd0, 0x9c4e, 
	0x9c4e, 0x9c4e, 0xa48f, 0x9c4e, 0x9c2e, 0xb511, 0xb4f1, 0xe696, 0xeed8, 0xf739, 0x7bad, 0x0000, 0x0000, 0x0000, 0x0000, 0x0000, 
	0x0000, 0x0000, 0x0000, 0x0000, 0x0000, 0x0000, 0x0000, 0x0000, 0x0000, 0x0000, 0x0000, 0x0000, 0x0000, 0x0000, 0x0000, 0x0000, 
	0x0000, 0x0000, 0x0000, 0x0000, 0x0000, 0x0000, 0x0000, 0x0000, 0x0000, 0x0000, 0x0000, 0x0000, 0x0000, 0x0000, 0x0000, 0x0000, 
	0x0000, 0x0000, 0x0000, 0x0000, 0x0000, 0x0000, 0x0000, 0x0000, 0x0000, 0x0000, 0x0000, 0x0000, 0x0000, 0x0000, 0x0000, 0x0000, 
	0x0000, 0x0000, 0x0000, 0x0000, 0x0000, 0x0000, 0x0000, 0x0000, 0x0000, 0x0000, 0x0000, 0x0000, 0x0000, 0x0000, 0x0000, 0x0000, 
	0x0000, 0x0000, 0x0000, 0x0000, 0x0000, 0x0000, 0x0000, 0x0000, 0x0000, 0x0000, 0x738c, 0xacd1, 0x942e, 0x940e, 0x9c2e, 0x838b, 
	0x940d, 0x940d, 0x7b6b, 0x8bac, 0x9c2e, 0x8bcd, 0x93ed, 0x834b, 0x6aa8, 0x6a88, 0x6a88, 0x7b4b, 0x7b2a, 0x834b, 0x8bcd, 0x8bad, 
	0x8bcd, 0x7b4b, 0x8bad, 0x8bad, 0x6aca, 0x6aa9, 0x7b6c, 0x730a, 0x6aa9, 0x6aa9, 0x834c, 0x7b0b, 0x5a47, 0x72ea, 0x730a, 0x7b2b, 
	0x834b, 0x834b, 0x7b0a, 0x72c8, 0x6a67, 0x6a67, 0x6a67, 0x6a67, 0x6246, 0x6226, 0x6226, 0x6268, 0x6aa9, 0x72ea, 0x6ac9, 0x6ac9, 
	0x7b4b, 0x838b, 0x93ed, 0x8bcd, 0x730a, 0x6aa8, 0x6288, 0x6247, 0x7b4b, 0x9c4f, 0xa4b0, 0xbd73, 0xb4f1, 0x9c4e, 0x9c4e, 0x942d, 
	0x940d, 0x940d, 0x9c2e, 0x9c4f, 0x93ed, 0xb4f1, 0xacd0, 0xd635, 0xeed7, 0xf719, 0x7b8d, 0x0000, 0x0000, 0x0000, 0x0000, 0x0000, 
	0x0000, 0x0000, 0x0000, 0x0000, 0x0000, 0x0000, 0x0000, 0x0000, 0x0000, 0x0000, 0x0000, 0x0000, 0x0000, 0x0000, 0x0000, 0x0000, 
	0x0000, 0x0000, 0x0000, 0x0000, 0x0000, 0x0000, 0x0000, 0x0000, 0x0000, 0x0000, 0x0000, 0x0000, 0x0000, 0x0000, 0x0000, 0x0000, 
	0x0000, 0x0000, 0x0000, 0x0000, 0x0000, 0x0000, 0x0000, 0x0000, 0x0000, 0x0000, 0x0000, 0x0000, 0x0000, 0x0000, 0x0000, 0x0000, 
	0x0000, 0x0000, 0x0000, 0x0000, 0x0000, 0x0000, 0x0000, 0x0000, 0x0000, 0x0000, 0x0000, 0x0000, 0x0000, 0x0000, 0x0000, 0x0000, 
	0x0000, 0x0000, 0x0000, 0x0000, 0x0000, 0x0000, 0x0000, 0x0000, 0x0000, 0x1082, 0x9cb1, 0xa470, 0x940d, 0x9c4f, 0x940e, 0x838b, 
	0x942e, 0x8bed, 0x732a, 0x8bed, 0x940e, 0x8bcd, 0x940d, 0x7b4a, 0x72c9, 0x6a88, 0x72c9, 0x7b4b, 0x7b2a, 0x836c, 0x8bcd, 0x8bcd, 
	0x8bad, 0x7b4b, 0x8bad, 0x838c, 0x6aa9, 0x6aa9, 0x7b4b, 0x6aea, 0x6ac9, 0x6288, 0x7b4b, 0x72ea, 0x5a06, 0x72ea, 0x730a, 0x7b0a, 
	0x7b2b, 0x832b, 0x72e9, 0x72c8, 0x6a67, 0x6a67, 0x6a67, 0x6a46, 0x6246, 0x6226, 0x6226, 0x6268, 0x62a9, 0x6aea, 0x6aa9, 0x6aa9, 
	0x72ea, 0x7b4b, 0x8bcd, 0x8bad, 0x7b2a, 0x6aa8, 0x6267, 0x6247, 0x72e9, 0x93ed, 0xa46f, 0xbd73, 0xb511, 0x9c4e, 0x9c4e, 0x940d, 
	0x8bed, 0x8bcc, 0x8bcc, 0xa46f, 0x9c2e, 0xa48f, 0xb511, 0xcdb3, 0xe6b7, 0xeef8, 0x7b8d, 0x0000, 0x0000, 0x0000, 0x0000, 0x0000, 
	0x0000, 0x0000, 0x0000, 0x0000, 0x0000, 0x0000, 0x0000, 0x0000, 0x0000, 0x0000, 0x0000, 0x0000, 0x0000, 0x0000, 0x0000, 0x0000, 
	0x0000, 0x0000, 0x0000, 0x0000, 0x0000, 0x0000, 0x0000, 0x0000, 0x0000, 0x0000, 0x0000, 0x0000, 0x0000, 0x0000, 0x0000, 0x0000, 
	0x0000, 0x0000, 0x0000, 0x0000, 0x0000, 0x0000, 0x0000, 0x0000, 0x0000, 0x0000, 0x0000, 0x0000, 0x0000, 0x0000, 0x0000, 0x0000, 
	0x0000, 0x0000, 0x0000, 0x0000, 0x0000, 0x0000, 0x0000, 0x0000, 0x0000, 0x0000, 0x0000, 0x0000, 0x0000, 0x0000, 0x0000, 0x0000, 
	0x0000, 0x0000, 0x0000, 0x0000, 0x0000, 0x0000, 0x0000, 0x0000, 0x0000, 0x4a48, 0xa4f1, 0x93ed, 0x942e, 0x9c4e, 0x8bcc, 0x8bcd, 
	0x9c2e, 0x838c, 0x72e9, 0x93ed, 0x93cd, 0x8bcc, 0x93ed, 0x7b2a, 0x7b09, 0x6aa8, 0x72c8, 0x834b, 0x7b4b, 0x838c, 0x8bac, 0x8bad, 
	0x838c, 0x7b6c, 0x838c, 0x7b4c, 0x6289, 0x6ac9, 0x730b, 0x6ac9, 0x6ac9, 0x6288, 0x7b2b, 0x72ea, 0x5a27, 0x72ea, 0x730a, 0x730a, 
	0x7b0a, 0x7b0a, 0x72e9, 0x72c8, 0x6a67, 0x6a67, 0x6a67, 0x6a67, 0x6a47, 0x6226, 0x6227, 0x6268, 0x6aa9, 0x6ac9, 0x6aa9, 0x6aa9, 
	0x6ac9, 0x7b0a, 0x836c, 0x8bad, 0x7b0a, 0x6aa8, 0x6267, 0x6247, 0x6ac9, 0x8bac, 0x942e, 0xb4f1, 0xb511, 0x9c4e, 0x942e, 0x8bcd, 
	0x8bac, 0x8bac, 0x838c, 0x940d, 0xa46f, 0x9c2e, 0xb4f0, 0xbd52, 0xde76, 0xe6d7, 0x7b6c, 0x0000, 0x0000, 0x0000, 0x0000, 0x0000, 
	0x0000, 0x0000, 0x0000, 0x0000, 0x0000, 0x0000, 0x0000, 0x0000, 0x0000, 0x0000, 0x0000, 0x0000, 0x0000, 0x0000, 0x0000, 0x0000, 
	0x0000, 0x0000, 0x0000, 0x0000, 0x0000, 0x0000, 0x0000, 0x0000, 0x0000, 0x0000, 0x0000, 0x0000, 0x0000, 0x0000, 0x0000, 0x0000, 
	0x0000, 0x0000, 0x0000, 0x0000, 0x0000, 0x0000, 0x0000, 0x0000, 0x0000, 0x0000, 0x0000, 0x0000, 0x0000, 0x0000, 0x0000, 0x0000, 
	0x0000, 0x0000, 0x0000, 0x0000, 0x0000, 0x0000, 0x0000, 0x0000, 0x0000, 0x0000, 0x0000, 0x0000, 0x0000, 0x0000, 0x0000, 0x0000, 
	0x0000, 0x0000, 0x0000, 0x0000, 0x0000, 0x0000, 0x0000, 0x0000, 0x0000, 0x94b0, 0x944f, 0x93ed, 0x942e, 0x940d, 0x8bcd, 0x940d, 
	0x940e, 0x7b4b, 0x7b4b, 0x940e, 0x8bac, 0x8bac, 0x8bcc, 0x7309, 0x7b2a, 0x6aa8, 0x72c8, 0x7b4a, 0x7b4b, 0x838c, 0x836c, 0x8bac, 
	0x836c, 0x7b4b, 0x7b6c, 0x7b4b, 0x6288, 0x6aa9, 0x730a, 0x62a9, 0x72ca, 0x6a89, 0x730a, 0x6ac9, 0x5a27, 0x72c9, 0x72ea, 0x72ea, 
	0x7b0a, 0x7aea, 0x72e9, 0x72a8, 0x6a67, 0x6a67, 0x7267, 0x6a67, 0x6a47, 0x6246, 0x6227, 0x6267, 0x6aa9, 0x6ac9, 0x6288, 0x6aa9, 
	0x6aa9, 0x72ea, 0x7b2b, 0x838c, 0x7b0a, 0x6aa8, 0x6267, 0x6247, 0x6a88, 0x7b2a, 0x93ed, 0xa46f, 0xacd0, 0x9c4e, 0x940d, 0x8bcc, 
	0x8bac, 0x838c, 0x836b, 0x8bac, 0x9c4e, 0x9c6f, 0xacb0, 0xbd72, 0xde55, 0xe6b7, 0x7b6c, 0x0000, 0x0000, 0x0000, 0x0000, 0x0000, 
	0x0000, 0x0000, 0x0000, 0x0000, 0x0000, 0x0000, 0x0000, 0x0000, 0x0000, 0x0000, 0x0000, 0x0000, 0x0000, 0x0000, 0x0000, 0x0000, 
	0x0000, 0x0000, 0x0000, 0x0000, 0x0000, 0x0000, 0x0000, 0x0000, 0x0000, 0x0000, 0x0000, 0x0000, 0x0000, 0x0000, 0x0000, 0x0000, 
	0x0000, 0x0000, 0x0000, 0x0000, 0x0000, 0x0000, 0x0000, 0x0000, 0x0000, 0x0000, 0x0000, 0x0000, 0x0000, 0x0000, 0x0000, 0x0000, 
	0x0000, 0x0000, 0x0000, 0x0000, 0x0000, 0x0000, 0x0000, 0x0000, 0x0000, 0x0000, 0x0000, 0x0000, 0x0000, 0x0000, 0x0000, 0x0000, 
	0x0000, 0x0000, 0x0000, 0x0000, 0x0000, 0x0000, 0x0000, 0x0000, 0x3185, 0xa4d1, 0x8c0e, 0x940e, 0x942e, 0x940d, 0x8bed, 0x9c2e, 
	0x93ed, 0x7309, 0x838c, 0x940e, 0x8b8c, 0x8b8c, 0x8b8b, 0x7309, 0x7b0a, 0x72e9, 0x7b0a, 0x834a, 0x7b4b, 0x836c, 0x836c, 0x8bcd, 
	0x7b4b, 0x7b4b, 0x7b6c, 0x732b, 0x6288, 0x6aa9, 0x72ea, 0x6288, 0x72ea, 0x6aa9, 0x72ea, 0x6ac9, 0x5a47, 0x6aa9, 0x6ac9, 0x72e9, 
	0x730a, 0x72ea, 0x72c9, 0x72a8, 0x6a87, 0x6a87, 0x7267, 0x7267, 0x6a67, 0x6a47, 0x6a47, 0x6268, 0x6aa9, 0x6ac9, 0x6268, 0x6288, 
	0x6aa8, 0x72e9, 0x7b2b, 0x836b, 0x72e9, 0x6aa8, 0x6247, 0x6247, 0x6a88, 0x730a, 0x8bed, 0x9c6f, 0xa48f, 0x9c4f, 0x8bcc, 0x8bac, 
	0x838b, 0x834b, 0x7309, 0x7b4b, 0x93ed, 0x9c6f, 0xa4b0, 0xbd52, 0xd615, 0xe676, 0x734c, 0x0000, 0x0000, 0x0000, 0x0000, 0x0000, 
	0x0000, 0x0000, 0x0000, 0x0000, 0x0000, 0x0000, 0x0000, 0x0000, 0x0000, 0x0000, 0x0000, 0x0000, 0x0000, 0x0000, 0x0000, 0x0000, 
	0x0000, 0x0000, 0x0000, 0x0000, 0x0000, 0x0000, 0x0000, 0x0000, 0x0000, 0x0000, 0x0000, 0x0000, 0x0000, 0x0000, 0x0000, 0x0000, 
	0x0000, 0x0000, 0x0000, 0x0000, 0x0000, 0x0000, 0x0000, 0x0000, 0x0000, 0x0000, 0x0000, 0x0000, 0x0000, 0x0000, 0x0000, 0x0000, 
	0x0000, 0x0000, 0x0000, 0x0000, 0x0000, 0x0000, 0x0000, 0x0000, 0x0000, 0x0000, 0x0000, 0x0000, 0x0000, 0x0000, 0x0000, 0x0000, 
	0x0000, 0x0000, 0x0000, 0x0000, 0x0000, 0x0000, 0x0000, 0x0000, 0x83ad, 0x9c4e, 0x93ed, 0x940e, 0x940e, 0x8bed, 0x8bed, 0x940e, 
	0x8bcc, 0x6ac9, 0x8bcc, 0x8bcd, 0x834b, 0x838b, 0x834a, 0x7b09, 0x72c8, 0x7b2a, 0x834a, 0x834a, 0x834b, 0x834b, 0x836c, 0x838c, 
	0x7b2b, 0x7b4b, 0x7b4b, 0x72ea, 0x6288, 0x6aa9, 0x72ea, 0x5a47, 0x6ac9, 0x6288, 0x6ac9, 0x6ac9, 0x6248, 0x6aa9, 0x6aa9, 0x6ac9, 
	0x72ea, 0x72c9, 0x6aa8, 0x6a87, 0x7288, 0x6a87, 0x7267, 0x7267, 0x6a67, 0x6a67, 0x6a47, 0x6268, 0x6aa9, 0x6aa9, 0x6268, 0x6268, 
	0x6288, 0x6ac9, 0x7b0a, 0x7b4b, 0x72e9, 0x6a88, 0x6267, 0x6247, 0x6a68, 0x72e9, 0x8bcc, 0x9c6f, 0x9c4e, 0x9c4e, 0x838c, 0x838c, 
	0x836b, 0x7b2a, 0x6ac8, 0x72e9, 0x838c, 0x942e, 0xa490, 0xbd32, 0xd5f4, 0xde35, 0x734b, 0x0000, 0x0000, 0x0000, 0x0000, 0x0000, 
	0x0000, 0x0000, 0x0000, 0x0000, 0x0000, 0x0000, 0x0000, 0x0000, 0x0000, 0x0000, 0x0000, 0x0000, 0x0000, 0x0000, 0x0000, 0x0000, 
	0x0000, 0x0000, 0x0000, 0x0000, 0x0000, 0x0000, 0x0000, 0x0000, 0x0000, 0x0000, 0x0000, 0x0000, 0x0000, 0x0000, 0x0000, 0x0000, 
	0x0000, 0x0000, 0x0000, 0x0000, 0x0000, 0x0000, 0x0000, 0x0000, 0x0000, 0x0000, 0x0000, 0x0000, 0x0000, 0x0000, 0x0000, 0x0000, 
	0x0000, 0x0000, 0x0000, 0x0000, 0x0000, 0x0000, 0x0000, 0x0000, 0x0000, 0x0000, 0x0000, 0x0000, 0x0000, 0x0000, 0x0000, 0x0000, 
	0x0000, 0x0000, 0x0000, 0x0000, 0x0000, 0x0000, 0x0000, 0x2904, 0x9c90, 0x93ed, 0x93ed, 0x940e, 0x940d, 0x93ed, 0x93ed, 0x93ed, 
	0x838c, 0x72e9, 0x93ed, 0x838c, 0x7b2a, 0x838b, 0x7b4a, 0x7b2a, 0x6a88, 0x72c9, 0x7b2a, 0x834a, 0x834b, 0x7b2b, 0x836c, 0x836c, 
	0x7b2b, 0x7b2b, 0x7b4b, 0x6ac9, 0x6288, 0x6aa9, 0x72ca, 0x6248, 0x6aa9, 0x6288, 0x6aa9, 0x6a89, 0x6268, 0x6ac9, 0x6aa9, 0x6aa9, 
	0x72ca, 0x6aa9, 0x72a8, 0x6a87, 0x7267, 0x7267, 0x7287, 0x7287, 0x6a87, 0x6a67, 0x6a68, 0x6a88, 0x6ac9, 0x6aa9, 0x6268, 0x6268, 
	0x6268, 0x6ac9, 0x72ea, 0x7b2b, 0x6ac9, 0x6a67, 0x6247, 0x6247, 0x6a67, 0x72e9, 0x8bcd, 0x9c6f, 0x93ed, 0x940d, 0x836b, 0x838b, 
	0x834b, 0x72e9, 0x6aa8, 0x6aa8, 0x7b2b, 0x93cd, 0xa46f, 0xbd32, 0xc573, 0xd615, 0x6b2b, 0x0000, 0x0000, 0x0000, 0x0000, 0x0000, 
	0x0000, 0x0000, 0x0000, 0x0000, 0x0000, 0x0000, 0x0000, 0x0000, 0x0000, 0x0000, 0x0000, 0x0000, 0x0000, 0x0000, 0x0000, 0x0000, 
	0x0000, 0x0000, 0x0000, 0x0000, 0x0000, 0x0000, 0x0000, 0x0000, 0x0000, 0x0000, 0x0000, 0x0000, 0x0000, 0x0000, 0x0000, 0x0000, 
	0x0000, 0x0000, 0x0000, 0x0000, 0x0000, 0x0000, 0x0000, 0x0000, 0x0000, 0x0000, 0x0000, 0x0000, 0x0000, 0x0000, 0x0000, 0x0000, 
	0x0000, 0x0000, 0x0000, 0x0000, 0x0000, 0x0000, 0x0000, 0x0000, 0x0000, 0x0000, 0x0000, 0x0000, 0x0000, 0x0000, 0x0000, 0x0000, 
	0x0000, 0x0000, 0x0000, 0x0000, 0x0000, 0x0000, 0x0000, 0x6b0a, 0x9c6f, 0x8bed, 0x940d, 0x940d, 0x8bcd, 0x93ed, 0x93ed, 0x93ed, 
	0x836b, 0x7b2a, 0x940d, 0x836b, 0x7b2a, 0x834b, 0x834b, 0x7b0a, 0x6a88, 0x72a8, 0x7b0a, 0x834a, 0x834b, 0x7b2b, 0x834b, 0x7b4b, 
	0x7b0a, 0x732a, 0x732a, 0x6aa9, 0x6288, 0x6aa9, 0x6aa9, 0x6268, 0x6288, 0x6288, 0x6aa9, 0x6a89, 0x6268, 0x6aa9, 0x6aa9, 0x6aa9, 
	0x72ca, 0x6aa8, 0x72a8, 0x6a87, 0x7267, 0x7267, 0x7288, 0x7288, 0x7288, 0x7288, 0x6a88, 0x6a88, 0x6ac9, 0x6aa9, 0x6a88, 0x6268, 
	0x6267, 0x6aa9, 0x72c9, 0x72ea, 0x6aa9, 0x6a67, 0x6247, 0x6246, 0x6a67, 0x72c9, 0x8bed, 0xa46f, 0x838b, 0x940d, 0x7b2a, 0x836b, 
	0x7b4a, 0x72c9, 0x6a88, 0x6a88, 0x72e9, 0x836b, 0xa44f, 0xb4f1, 0xb4f1, 0xcdd4, 0x6aeb, 0x0000, 0x0000, 0x0000, 0x0000, 0x0000, 
	0x0000, 0x0000, 0x0000, 0x0000, 0x0000, 0x0000, 0x0000, 0x0000, 0x0000, 0x0000, 0x0000, 0x0000, 0x0000, 0x0000, 0x0000, 0x0000, 
	0x0000, 0x0000, 0x0000, 0x0000, 0x0000, 0x0000, 0x0000, 0x0000, 0x0000, 0x0000, 0x0000, 0x0000, 0x0000, 0x0000, 0x0000, 0x0000, 
	0x0000, 0x0000, 0x0000, 0x0000, 0x0000, 0x0000, 0x0000, 0x0000, 0x0000, 0x0000, 0x0000, 0x0000, 0x0000, 0x0000, 0x0000, 0x0000, 
	0x0000, 0x0000, 0x0000, 0x0000, 0x0000, 0x0000, 0x0000, 0x0000, 0x0000, 0x0000, 0x0000, 0x0000, 0x0000, 0x0000, 0x0000, 0x0000, 
	0x0000, 0x0000, 0x0000, 0x0000, 0x0000, 0x0000, 0x0000, 0x9c4f, 0x940d, 0x93ed, 0x940d, 0x8bed, 0x8bcd, 0x93ed, 0x93ed, 0x8bcc, 
	0x7b2a, 0x836b, 0x93ed, 0x7b2a, 0x7b0a, 0x832a, 0x834b, 0x7ae9, 0x6a67, 0x72a8, 0x72c9, 0x7b2a, 0x7b2b, 0x7b2a, 0x7b4b, 0x7b2b, 
	0x730a, 0x72ea, 0x730a, 0x62a9, 0x6288, 0x6aa9, 0x6aa8, 0x6268, 0x6268, 0x6a88, 0x6aa9, 0x6288, 0x6268, 0x6aa8, 0x6aa9, 0x6aa9, 
	0x72c9, 0x7287, 0x6a88, 0x7267, 0x7267, 0x7287, 0x7288, 0x7288, 0x7288, 0x7288, 0x6a88, 0x6aa9, 0x6aa9, 0x6a88, 0x6aa8, 0x6247, 
	0x6267, 0x6aa8, 0x6aa9, 0x72c9, 0x6a88, 0x6a67, 0x6247, 0x6247, 0x6287, 0x72e9, 0x8bcc, 0x9c2e, 0x7b4a, 0x8bcd, 0x7b2a, 0x836b, 
	0x7b2a, 0x6ac9, 0x6267, 0x6267, 0x6aa8, 0x7b2a, 0xa46f, 0xacb0, 0xacd0, 0xc593, 0x6aea, 0x0000, 0x0000, 0x0000, 0x0000, 0x0000, 
	0x0000, 0x0000, 0x0000, 0x0000, 0x0000, 0x0000, 0x0000, 0x0000, 0x0000, 0x0000, 0x0000, 0x0000, 0x0000, 0x0000, 0x0000, 0x0000, 
	0x0000, 0x0000, 0x0000, 0x0000, 0x0000, 0x0000, 0x0000, 0x0000, 0x0000, 0x0000, 0x0000, 0x0000, 0x0000, 0x0000, 0x0000, 0x0000, 
	0x0000, 0x0000, 0x0000, 0x0000, 0x0000, 0x0000, 0x0000, 0x0000, 0x0000, 0x0000, 0x0000, 0x0000, 0x0000, 0x0000, 0x0000, 0x0000, 
	0x0000, 0x0000, 0x0000, 0x0000, 0x0000, 0x0000, 0x0000, 0x0000, 0x0000, 0x0000, 0x0000, 0x0000, 0x0000, 0x0000, 0x0000, 0x0000, 
	0x0000, 0x0000, 0x0000, 0x0000, 0x0000, 0x0000, 0x3985, 0x9c6f, 0x8bed, 0x940d, 0x940d, 0x8bcc, 0x8bcd, 0x93ed, 0x8bcc, 0x838b, 
	0x7309, 0x838c, 0x838c, 0x730a, 0x72e9, 0x7b2a, 0x834b, 0x7ae9, 0x6a67, 0x7288, 0x72c9, 0x7309, 0x7b2a, 0x7b0a, 0x7b2a, 0x730a, 
	0x72ea, 0x72ea, 0x72ea, 0x6288, 0x6268, 0x6aa9, 0x6268, 0x6268, 0x6268, 0x6268, 0x6a89, 0x6288, 0x6267, 0x6aa8, 0x6aa9, 0x6aa9, 
	0x72a9, 0x7267, 0x6a67, 0x7267, 0x7287, 0x7288, 0x7288, 0x7288, 0x72a8, 0x7288, 0x72a9, 0x6a88, 0x6aa9, 0x6aa9, 0x72c9, 0x6247, 
	0x6aa8, 0x6aa8, 0x6aa8, 0x6aa8, 0x6a88, 0x6267, 0x6247, 0x6247, 0x6a87, 0x7309, 0x8bcc, 0x93ed, 0x7b2a, 0x838b, 0x7b4a, 0x7b4b, 
	0x7b0a, 0x6a88, 0x6247, 0x6247, 0x6aa8, 0x72c9, 0x9c0e, 0xa46f, 0xacd0, 0xbd52, 0x62ca, 0x0000, 0x0000, 0x0000, 0x0000, 0x0000, 
	0x0000, 0x0000, 0x0000, 0x0000, 0x0000, 0x0000, 0x0000, 0x0000, 0x0000, 0x0000, 0x0000, 0x0000, 0x0000, 0x0000, 0x0000, 0x0000, 
	0x0000, 0x0000, 0x0000, 0x0000, 0x0000, 0x0000, 0x0000, 0x0000, 0x0000, 0x0000, 0x0000, 0x0000, 0x0000, 0x0000, 0x0000, 0x0000, 
	0x0000, 0x0000, 0x0000, 0x0000, 0x0000, 0x0000, 0x0000, 0x0000, 0x0000, 0x0000, 0x0000, 0x0000, 0x0000, 0x0000, 0x0000, 0x0000, 
	0x0000, 0x0000, 0x0000, 0x0000, 0x0000, 0x0000, 0x0000, 0x0000, 0x0000, 0x0000, 0x0000, 0x0000, 0x0000, 0x0000, 0x0000, 0x0000, 
	0x0000, 0x0000, 0x0000, 0x0000, 0x0000, 0x0000, 0x83ce, 0x940e, 0x8bed, 0x8bed, 0x8bcd, 0x83ac, 0x8bed, 0x8bcc, 0x8bcc, 0x7b4b, 
	0x6aa8, 0x838c, 0x836b, 0x72e9, 0x72c9, 0x7b09, 0x834a, 0x7b09, 0x6a87, 0x6aa8, 0x72c9, 0x72e9, 0x7b0a, 0x730a, 0x7b0a, 0x72ea, 
	0x72e9, 0x72ea, 0x72c9, 0x6288, 0x6268, 0x6ac9, 0x6247, 0x6a88, 0x6267, 0x6288, 0x6a88, 0x6a68, 0x6247, 0x6a88, 0x6aa8, 0x6aa9, 
	0x72a9, 0x7267, 0x6a67, 0x7267, 0x7a87, 0x7a88, 0x7aa8, 0x7aa8, 0x72a8, 0x72a8, 0x72c9, 0x6aa8, 0x72a9, 0x72a9, 0x6aa8, 0x6267, 
	0x6aa8, 0x6aa8, 0x6aa8, 0x6aa8, 0x6a87, 0x6267, 0x6267, 0x6247, 0x6aa8, 0x7b0a, 0x8bcc, 0x8bac, 0x7b4a, 0x836b, 0x7b4a, 0x7b4a, 
	0x72e9, 0x6247, 0x6247, 0x6247, 0x6aa8, 0x6aa9, 0x838c, 0x93cd, 0xacd0, 0xb531, 0x62ca, 0x0000, 0x0000, 0x0000, 0x0000, 0x0000, 
	0x0000, 0x0000, 0x0000, 0x0000, 0x0000, 0x0000, 0x0000, 0x0000, 0x0000, 0x0000, 0x0000, 0x0000, 0x0000, 0x0000, 0x0000, 0x0000, 
	0x0000, 0x0000, 0x0000, 0x0000, 0x0000, 0x0000, 0x0000, 0x0000, 0x0000, 0x0000, 0x0000, 0x0000, 0x0000, 0x0000, 0x0000, 0x0000, 
	0x0000, 0x0000, 0x0000, 0x0000, 0x0000, 0x0000, 0x0000, 0x0000, 0x0000, 0x0000, 0x0000, 0x0000, 0x0000, 0x0000, 0x0000, 0x0000, 
	0x0000, 0x0000, 0x0000, 0x0000, 0x0000, 0x0000, 0x0000, 0x0000, 0x0000, 0x0000, 0x0000, 0x0000, 0x0000, 0x0000, 0x0000, 0x0000, 
	0x0000, 0x0000, 0x0000, 0x0000, 0x0000, 0x3185, 0x9c70, 0x8bcd, 0x8bed, 0x8bed, 0x83ac, 0x836b, 0x8bcd, 0x8bac, 0x838c, 0x732a, 
	0x6ac9, 0x838c, 0x7b4b, 0x72c8, 0x72c8, 0x7b09, 0x7b2a, 0x7b09, 0x6a87, 0x6aa8, 0x72c9, 0x7ae9, 0x72ea, 0x72ea, 0x730a, 0x72ea, 
	0x6ac9, 0x6ac9, 0x72c9, 0x6247, 0x6268, 0x6aa9, 0x5a27, 0x6a88, 0x6247, 0x6a88, 0x6a88, 0x6247, 0x6247, 0x6a88, 0x6a88, 0x6aa9, 
	0x6a88, 0x6a67, 0x6a67, 0x7267, 0x7a88, 0x7aa8, 0x7aa8, 0x7aa8, 0x7aa8, 0x72a8, 0x72a8, 0x6aa8, 0x72a9, 0x72c9, 0x6a88, 0x6a88, 
	0x6aa8, 0x6a88, 0x6a88, 0x6a88, 0x6a67, 0x6a67, 0x6a67, 0x6a67, 0x72a8, 0x7b2a, 0x8b8c, 0x834a, 0x7b4a, 0x834b, 0x7b4a, 0x7b2a, 
	0x72c9, 0x6227, 0x5a26, 0x6247, 0x6a68, 0x6aa8, 0x7b2b, 0x8b8c, 0xacb0, 0xb4f1, 0x62c9, 0x0000, 0x0000, 0x0000, 0x0000, 0x0000, 
	0x0000, 0x0000, 0x0000, 0x0000, 0x0000, 0x0000, 0x0000, 0x0000, 0x0000, 0x0000, 0x0000, 0x0000, 0x0000, 0x0000, 0x0000, 0x0000, 
	0x0000, 0x0000, 0x0000, 0x0000, 0x0000, 0x0000, 0x0000, 0x0000, 0x0000, 0x0000, 0x0000, 0x0000, 0x0000, 0x0000, 0x0000, 0x0000, 
	0x0000, 0x0000, 0x0000, 0x0000, 0x0000, 0x0000, 0x0000, 0x0000, 0x0000, 0x0000, 0x0000, 0x0000, 0x0000, 0x0000, 0x0000, 0x0000, 
	0x0000, 0x0000, 0x0000, 0x0000, 0x0000, 0x0000, 0x0000, 0x0000, 0x0000, 0x0000, 0x0000, 0x0000, 0x0000, 0x0000, 0x0000, 0x0000, 
	0x0000, 0x0000, 0x0000, 0x0000, 0x0000, 0x734c, 0x944f, 0x8bcd, 0x8bcd, 0x8bac, 0x838c, 0x836b, 0x8bac, 0x838c, 0x836b, 0x730a, 
	0x72ea, 0x834b, 0x7b4a, 0x6aa8, 0x6aa8, 0x7b09, 0x7b09, 0x7b09, 0x6a67, 0x6a88, 0x72c9, 0x72c9, 0x72c9, 0x72e9, 0x72e9, 0x72e9, 
	0x6ac9, 0x72c9, 0x6ac9, 0x6267, 0x6267, 0x6aa9, 0x6227, 0x6a68, 0x6206, 0x6a88, 0x6a67, 0x6a47, 0x6247, 0x6a88, 0x6aa8, 0x6a88, 
	0x6a67, 0x6a67, 0x7267, 0x7a67, 0x7a88, 0x7aa8, 0x82c8, 0x7aa8, 0x7aa8, 0x7aa8, 0x7288, 0x72c8, 0x72c8, 0x72c9, 0x6a67, 0x6aa8, 
	0x6aa8, 0x6a87, 0x6a87, 0x6a67, 0x6a67, 0x6a67, 0x6a67, 0x6a88, 0x72c9, 0x7b2a, 0x836a, 0x7b29, 0x7b2a, 0x834a, 0x7b2a, 0x7b2a, 
	0x6a88, 0x6226, 0x6226, 0x6227, 0x6247, 0x6247, 0x72c9, 0x8bad, 0xac90, 0xacb0, 0x5a89, 0x0000, 0x0000, 0x0000, 0x0000, 0x0000, 
	0x0000, 0x0000, 0x0000, 0x0000, 0x0000, 0x0000, 0x0000, 0x0000, 0x0000, 0x0000, 0x0000, 0x0000, 0x0000, 0x0000, 0x0000, 0x0000, 
	0x0000, 0x0000, 0x0000, 0x0000, 0x0000, 0x0000, 0x0000, 0x0000, 0x0000, 0x0000, 0x0000, 0x0000, 0x0000, 0x0000, 0x0000, 0x0000, 
	0x0000, 0x0000, 0x0000, 0x0000, 0x0000, 0x0000, 0x0000, 0x0000, 0x0000, 0x0000, 0x0000, 0x0000, 0x0000, 0x0000, 0x0000, 0x0000, 
	0x0000, 0x0000, 0x0000, 0x0000, 0x0000, 0x0000, 0x0000, 0x0000, 0x0000, 0x0000, 0x0000, 0x0000, 0x0000, 0x0000, 0x0000, 0x0000, 
	0x0000, 0x0000, 0x0000, 0x0000, 0x2923, 0x942e, 0x8bed, 0x83ad, 0x83cc, 0x838c, 0x7b6b, 0x7b4b, 0x838c, 0x732a, 0x7b4b, 0x72e9, 
	0x730a, 0x834a, 0x7b09, 0x6aa8, 0x6aa7, 0x72e9, 0x7309, 0x72e9, 0x6a87, 0x6a88, 0x72a8, 0x72a8, 0x72c9, 0x72e9, 0x72e9, 0x72c9, 
	0x72c9, 0x6aa9, 0x6a88, 0x6288, 0x6267, 0x6aa8, 0x6227, 0x6247, 0x6226, 0x6a67, 0x6a67, 0x6247, 0x6247, 0x6267, 0x6a88, 0x6a67, 
	0x6a47, 0x7267, 0x7267, 0x7a67, 0x7aa8, 0x7aa8, 0x82c8, 0x82c8, 0x82a8, 0x7a88, 0x7288, 0x72a8, 0x7ae9, 0x72a8, 0x6a87, 0x6aa8, 
	0x6aa8, 0x6a87, 0x6a87, 0x6a67, 0x6a67, 0x6a67, 0x6a67, 0x72a8, 0x72c8, 0x832a, 0x7b09, 0x7b09, 0x7b2a, 0x832a, 0x7b2a, 0x7ae9, 
	0x6246, 0x6226, 0x6206, 0x5a06, 0x5a26, 0x6247, 0x6a88, 0x8bcd, 0x9c0e, 0xacb0, 0x5a89, 0x0000, 0x0000, 0x0000, 0x0000, 0x0000, 
	0x0000, 0x0000, 0x0000, 0x0000, 0x0000, 0x0000, 0x0000, 0x0000, 0x0000, 0x0000, 0x0000, 0x0000, 0x0000, 0x0000, 0x0000, 0x0000, 
	0x0000, 0x0000, 0x0000, 0x0000, 0x0000, 0x0000, 0x0000, 0x0000, 0x0000, 0x0000, 0x0000, 0x0000, 0x0000, 0x0000, 0x0000, 0x0000, 
	0x0000, 0x0000, 0x0000, 0x0000, 0x0000, 0x0000, 0x0000, 0x0000, 0x0000, 0x0000, 0x0000, 0x0000, 0x0000, 0x0000, 0x0000, 0x0000, 
	0x0000, 0x0000, 0x0000, 0x0000, 0x0000, 0x0000, 0x0000, 0x0000, 0x0000, 0x0000, 0x0000, 0x0000, 0x0000, 0x0000, 0x0000, 0x0000, 
	0x0000, 0x0000, 0x0000, 0x0000, 0x6b4b, 0x942f, 0x8bcd, 0x8bad, 0x83ac, 0x7b4b, 0x730a, 0x7b4b, 0x7b8b, 0x6ac9, 0x7b4b, 0x72e9, 
	0x7b0a, 0x7b2a, 0x7309, 0x6aa8, 0x6a88, 0x72c8, 0x72c8, 0x72c8, 0x6a87, 0x7288, 0x72a8, 0x7288, 0x72a8, 0x72c8, 0x72c8, 0x72a8, 
	0x72a8, 0x72a8, 0x72a8, 0x6a88, 0x6a67, 0x7288, 0x6226, 0x6226, 0x6a26, 0x6a47, 0x6a47, 0x6a26, 0x6226, 0x6a46, 0x6a47, 0x6a26, 
	0x7226, 0x7247, 0x7a67, 0x7a88, 0x7aa8, 0x82a8, 0x82a8, 0x82a8, 0x7aa8, 0x7267, 0x7267, 0x7287, 0x7ac9, 0x6a67, 0x72a8, 0x6a87, 
	0x6a67, 0x6a67, 0x6a67, 0x6a67, 0x6a67, 0x6a67, 0x7267, 0x7288, 0x72c8, 0x7ae9, 0x7ae9, 0x7b09, 0x7b2a, 0x7b2a, 0x72e9, 0x7288, 
	0x6a47, 0x6227, 0x6226, 0x6206, 0x5a06, 0x5a27, 0x6a88, 0x836b, 0x93ed, 0xac90, 0x5a89, 0x0000, 0x0000, 0x0000, 0x0000, 0x0000, 
	0x0000, 0x0000, 0x0000, 0x0000, 0x0000, 0x0000, 0x0000, 0x0000, 0x0000, 0x0000, 0x0000, 0x0000, 0x0000, 0x0000, 0x0000, 0x0000, 
	0x0000, 0x0000, 0x0000, 0x0000, 0x0000, 0x0000, 0x0000, 0x0000, 0x0000, 0x0000, 0x0000, 0x0000, 0x0000, 0x0000, 0x0000, 0x0000, 
	0x0000, 0x0000, 0x0000, 0x0000, 0x0000, 0x0000, 0x0000, 0x0000, 0x0000, 0x0000, 0x0000, 0x0000, 0x0000, 0x0000, 0x0000, 0x0000, 
	0x0000, 0x0000, 0x0000, 0x0000, 0x0000, 0x0000, 0x0000, 0x0000, 0x0000, 0x0000, 0x0000, 0x0000, 0x0000, 0x0000, 0x0000, 0x0000, 
	0x0000, 0x0000, 0x0000, 0x2944, 0x946f, 0x940e, 0x83ad, 0x838c, 0x838b, 0x732a, 0x7309, 0x7b6b, 0x7b4b, 0x6ac8, 0x7b4a, 0x72e9, 
	0x7b0a, 0x730a, 0x72e9, 0x6aa8, 0x6a87, 0x72a8, 0x6aa8, 0x72a8, 0x7288, 0x6a87, 0x7288, 0x7288, 0x7aa8, 0x72c8, 0x72c8, 0x72a8, 
	0x72a8, 0x72a8, 0x72a8, 0x6a67, 0x6a67, 0x6a88, 0x6a26, 0x6a26, 0x6a26, 0x6a46, 0x6a27, 0x6a26, 0x6a26, 0x6a26, 0x6a47, 0x7226, 
	0x7226, 0x7267, 0x7a88, 0x7aa8, 0x82a8, 0x82c8, 0x82c8, 0x82a8, 0x7a88, 0x7a67, 0x7a67, 0x7267, 0x7267, 0x6a47, 0x6a46, 0x6a26, 
	0x6a26, 0x6a26, 0x6a46, 0x7246, 0x6a67, 0x6a67, 0x7267, 0x6a87, 0x72a7, 0x72a8, 0x72c8, 0x7ae9, 0x7b09, 0x72c8, 0x7288, 0x7267, 
	0x6a47, 0x6227, 0x6226, 0x6206, 0x6206, 0x5a26, 0x6268, 0x72ea, 0x8b8c, 0x9c4f, 0x5a89, 0x0000, 0x0000, 0x0000, 0x0000, 0x0000, 
	0x0000, 0x0000, 0x0000, 0x0000, 0x0000, 0x0000, 0x0000, 0x0000, 0x0000, 0x0000, 0x0000, 0x0000, 0x0000, 0x0000, 0x0000, 0x0000, 
	0x0000, 0x0000, 0x0000, 0x0000, 0x0000, 0x0000, 0x0000, 0x0000, 0x0000, 0x0000, 0x0000, 0x0000, 0x0000, 0x0000, 0x0000, 0x0000, 
	0x0000, 0x0000, 0x0000, 0x0000, 0x0000, 0x0000, 0x0000, 0x0000, 0x0000, 0x0000, 0x0000, 0x0000, 0x0000, 0x0000, 0x0000, 0x0000, 
	0x0000, 0x0000, 0x0000, 0x0000, 0x0000, 0x0000, 0x0000, 0x0000, 0x0000, 0x0000, 0x0000, 0x0000, 0x0000, 0x0000, 0x0000, 0x0000, 
	0x0000, 0x0000, 0x0000, 0x83ae, 0x946f, 0x8c0e, 0x838c, 0x836c, 0x7b4b, 0x730a, 0x6ac9, 0x836b, 0x730a, 0x6aa8, 0x730a, 0x72e9, 
	0x72e9, 0x72c9, 0x6aa8, 0x6aa8, 0x6a67, 0x6a88, 0x72a8, 0x72a8, 0x7288, 0x7288, 0x7287, 0x7287, 0x72a8, 0x72c8, 0x72c8, 0x72a8, 
	0x72a8, 0x72a8, 0x72a8, 0x6a67, 0x6a67, 0x6a67, 0x6a26, 0x6a26, 0x6a26, 0x6a26, 0x6a26, 0x7246, 0x7246, 0x7246, 0x7246, 0x7247, 
	0x7267, 0x7a88, 0x7aa8, 0x82a8, 0x82c8, 0x82c8, 0x82c8, 0x82a8, 0x7a88, 0x7a67, 0x7267, 0x7247, 0x6a26, 0x6a26, 0x6a06, 0x6a06, 
	0x6a26, 0x6a26, 0x6a26, 0x6a46, 0x6a47, 0x7267, 0x6a47, 0x7267, 0x6a67, 0x7287, 0x72a8, 0x7ac8, 0x7ac8, 0x7288, 0x7267, 0x7267, 
	0x6a67, 0x6a47, 0x6a26, 0x6226, 0x6206, 0x5a26, 0x6a68, 0x72c9, 0x836b, 0x9c4f, 0x5a89, 0x0000, 0x0000, 0x0000, 0x0000, 0x0000, 
	0x0000, 0x0000, 0x0000, 0x0000, 0x0000, 0x0000, 0x0000, 0x0000, 0x0000, 0x0000, 0x0000, 0x0000, 0x0000, 0x0000, 0x0000, 0x0000, 
	0x0000, 0x0000, 0x0000, 0x0000, 0x0000, 0x0000, 0x0000, 0x0000, 0x0000, 0x0000, 0x0000, 0x0000, 0x0000, 0x0000, 0x0000, 0x0000, 
	0x0000, 0x0000, 0x0000, 0x0000, 0x0000, 0x0000, 0x0000, 0x0000, 0x0000, 0x0000, 0x0000, 0x0000, 0x0000, 0x0000, 0x0000, 0x0000, 
	0x0000, 0x0000, 0x0000, 0x0000, 0x0000, 0x0000, 0x0000, 0x0000, 0x0000, 0x0000, 0x0000, 0x0000, 0x0000, 0x0000, 0x0000, 0x0000, 
	0x0000, 0x0000, 0x3164, 0x946f, 0x9c6f, 0x83ac, 0x7b6b, 0x7b6b, 0x7b2a, 0x72c9, 0x6ac9, 0x834b, 0x6ac9, 0x6aa8, 0x72e9, 0x72e9, 
	0x72e9, 0x72c9, 0x6aa8, 0x6a88, 0x6a67, 0x6a87, 0x6a87, 0x6aa8, 0x7288, 0x7288, 0x6a67, 0x6a87, 0x7287, 0x72c8, 0x72a8, 0x7288, 
	0x6a88, 0x6a88, 0x6a67, 0x6a26, 0x6a26, 0x6a46, 0x7226, 0x7246, 0x7246, 0x7247, 0x7247, 0x7267, 0x7a67, 0x7a67, 0x7a87, 0x7a87, 
	0x7a87, 0x82a8, 0x82a8, 0x82c9, 0x82c9, 0x82c9, 0x82c9, 0x82a8, 0x7aa8, 0x7a88, 0x7a67, 0x7267, 0x7246, 0x6a26, 0x6a26, 0x6a26, 
	0x6a26, 0x6a26, 0x6a46, 0x7246, 0x7267, 0x7267, 0x6a47, 0x6a47, 0x6a46, 0x6a67, 0x6a87, 0x72a8, 0x7288, 0x7287, 0x7287, 0x7268, 
	0x7267, 0x6a67, 0x6a47, 0x6227, 0x6226, 0x6226, 0x6247, 0x6a88, 0x834b, 0xa46f, 0x5a89, 0x0000, 0x0000, 0x0000, 0x0000, 0x0000, 
	0x0000, 0x0000, 0x0000, 0x0000, 0x0000, 0x0000, 0x0000, 0x0000, 0x0000, 0x0000, 0x0000, 0x0000, 0x0000, 0x0000, 0x0000, 0x0000, 
	0x0000, 0x0000, 0x0000, 0x0000, 0x0000, 0x0000, 0x0000, 0x0000, 0x0000, 0x0000, 0x0000, 0x0000, 0x0000, 0x0000, 0x0000, 0x0000, 
	0x0000, 0x0000, 0x0000, 0x0000, 0x0000, 0x0000, 0x0000, 0x0000, 0x0000, 0x0000, 0x0000, 0x0000, 0x0000, 0x0000, 0x0000, 0x0000, 
	0x0000, 0x0000, 0x0000, 0x0000, 0x0000, 0x0000, 0x0000, 0x0000, 0x0000, 0x0000, 0x0000, 0x0000, 0x0000, 0x0000, 0x0000, 0x0000, 
	0x0000, 0x0000, 0x7b6d, 0x9c70, 0x944f, 0x838c, 0x7b4b, 0x7b4b, 0x730a, 0x6aa8, 0x6ac9, 0x7b4a, 0x6288, 0x6aa8, 0x72c9, 0x72e9, 
	0x6ac9, 0x6aa8, 0x6a88, 0x6a88, 0x6a67, 0x6a87, 0x6a87, 0x6a87, 0x7267, 0x7267, 0x6a67, 0x7287, 0x7287, 0x72a8, 0x7287, 0x7267, 
	0x7247, 0x6a46, 0x6a26, 0x6a26, 0x6a26, 0x7246, 0x7246, 0x7267, 0x7a87, 0x7a87, 0x7a87, 0x7a87, 0x8288, 0x82a8, 0x82a8, 0x82a8, 
	0x82a8, 0x82c8, 0x82c8, 0x82c8, 0x8ac9, 0x8ac9, 0x82c8, 0x82a8, 0x82a8, 0x7a88, 0x7a67, 0x7267, 0x7246, 0x7246, 0x6a26, 0x6a26, 
	0x6a26, 0x6a46, 0x6a46, 0x7247, 0x7247, 0x7247, 0x6a47, 0x6a47, 0x6a46, 0x6a47, 0x6a67, 0x7267, 0x7267, 0x7287, 0x7287, 0x7287, 
	0x7267, 0x7267, 0x6a67, 0x6a47, 0x6227, 0x6226, 0x6247, 0x6a87, 0x7b2a, 0xa46f, 0x5a68, 0x0000, 0x0000, 0x0000, 0x0000, 0x0000, 
	0x0000, 0x0000, 0x0000, 0x0000, 0x0000, 0x0000, 0x0000, 0x0000, 0x0000, 0x0000, 0x0000, 0x0000, 0x0000, 0x0000, 0x0000, 0x0000, 
	0x0000, 0x0000, 0x0000, 0x0000, 0x0000, 0x0000, 0x0000, 0x0000, 0x0000, 0x0000, 0x0000, 0x0000, 0x0000, 0x0000, 0x0000, 0x0000, 
	0x0000, 0x0000, 0x0000, 0x0000, 0x0000, 0x0000, 0x0000, 0x0000, 0x0000, 0x0000, 0x0000, 0x0000, 0x0000, 0x0000, 0x0000, 0x0000, 
	0x0000, 0x0000, 0x0000, 0x0000, 0x0000, 0x0000, 0x0000, 0x0000, 0x0000, 0x0000, 0x0000, 0x0000, 0x0000, 0x0000, 0x0000, 0x0000, 
	0x0000, 0x0861, 0x9450, 0x9c70, 0x940e, 0x7b6b, 0x7b2b, 0x732a, 0x72e9, 0x6aa8, 0x72e9, 0x7b2a, 0x6267, 0x6a88, 0x6aa8, 0x6aa9, 
	0x6aa8, 0x6a88, 0x6a67, 0x6a67, 0x6247, 0x6267, 0x6a67, 0x6a67, 0x6a67, 0x6a67, 0x6a67, 0x7288, 0x72a8, 0x7287, 0x7287, 0x6a46, 
	0x6a46, 0x6a26, 0x6a26, 0x6a46, 0x7247, 0x7267, 0x7a67, 0x7aa8, 0x7aa8, 0x82c8, 0x82c8, 0x82c8, 0x82c8, 0x82c8, 0x8ac9, 0x8ac9, 
	0x8ac9, 0x8ac9, 0x8ae9, 0x8ae9, 0x8ae9, 0x8ae9, 0x8ae9, 0x82c8, 0x82a8, 0x7aa8, 0x7a87, 0x7a67, 0x7267, 0x7247, 0x7247, 0x7246, 
	0x6a46, 0x6a46, 0x7247, 0x7267, 0x7247, 0x7267, 0x7267, 0x6a47, 0x6a47, 0x6a47, 0x6a67, 0x7267, 0x7267, 0x7287, 0x7287, 0x7287, 
	0x7287, 0x7287, 0x7267, 0x6a47, 0x6227, 0x6227, 0x6247, 0x6267, 0x7b2a, 0xa490, 0x4a07, 0x0000, 0x0000, 0x0000, 0x0000, 0x0000, 
	0x0000, 0x0000, 0x0000, 0x0000, 0x0000, 0x0000, 0x0000, 0x0000, 0x0000, 0x0000, 0x0000, 0x0000, 0x0000, 0x0000, 0x0000, 0x0000, 
	0x0000, 0x0000, 0x0000, 0x0000, 0x0000, 0x0000, 0x0000, 0x0000, 0x0000, 0x0000, 0x0000, 0x0000, 0x0000, 0x0000, 0x0000, 0x0000, 
	0x0000, 0x0000, 0x0000, 0x0000, 0x0000, 0x0000, 0x0000, 0x0000, 0x0000, 0x0000, 0x0000, 0x0000, 0x0000, 0x0000, 0x0000, 0x0000, 
	0x0000, 0x0000, 0x0000, 0x0000, 0x0000, 0x0000, 0x0000, 0x0000, 0x0000, 0x0000, 0x0000, 0x0000, 0x0000, 0x0000, 0x0000, 0x0000, 
	0x0000, 0x41a6, 0x9470, 0x9c90, 0x8bee, 0x732a, 0x732a, 0x730a, 0x6ac9, 0x6288, 0x72e9, 0x730a, 0x6267, 0x6267, 0x6288, 0x6a88, 
	0x6a87, 0x6247, 0x6226, 0x6247, 0x6226, 0x6a46, 0x6a46, 0x6a46, 0x6a46, 0x6a47, 0x7287, 0x72a8, 0x7a88, 0x7a88, 0x7287, 0x7267, 
	0x7246, 0x7246, 0x7246, 0x7267, 0x7287, 0x7aa8, 0x7aa8, 0x82c8, 0x82c8, 0x82e8, 0x82e8, 0x82e8, 0x8ae9, 0x8ae9, 0x8ae9, 0x8ae8, 
	0x8ac9, 0x8ae9, 0x8ae9, 0x8ae9, 0x8ae9, 0x8ae9, 0x82e9, 0x82c8, 0x82c8, 0x7aa8, 0x7a88, 0x7a88, 0x7a87, 0x7267, 0x7267, 0x7267, 
	0x7247, 0x7247, 0x6a47, 0x6a47, 0x7247, 0x7247, 0x6a67, 0x6a67, 0x6a67, 0x6a67, 0x6a47, 0x7267, 0x7287, 0x7288, 0x7288, 0x7288, 
	0x72a8, 0x7288, 0x7288, 0x7267, 0x6a47, 0x6247, 0x6247, 0x6267, 0x7b2a, 0x940e, 0x4185, 0x0000, 0x0000, 0x0000, 0x0000, 0x0000, 
	0x0000, 0x0000, 0x0000, 0x0000, 0x0000, 0x0000, 0x0000, 0x0000, 0x0000, 0x0000, 0x0000, 0x0000, 0x0000, 0x0000, 0x0000, 0x0000, 
	0x0000, 0x0000, 0x0000, 0x0000, 0x0000, 0x0000, 0x0000, 0x0000, 0x0000, 0x0000, 0x0000, 0x0000, 0x0000, 0x0000, 0x0000, 0x0000, 
	0x0000, 0x0000, 0x0000, 0x0000, 0x0000, 0x0000, 0x0000, 0x0000, 0x0000, 0x0000, 0x0000, 0x0000, 0x0000, 0x0000, 0x0000, 0x0000, 
	0x0000, 0x0000, 0x0000, 0x0000, 0x0000, 0x0000, 0x0000, 0x0000, 0x0000, 0x0000, 0x0000, 0x0000, 0x0000, 0x0000, 0x0000, 0x0000, 
	0x0000, 0x62aa, 0x9c90, 0x9c70, 0x83ad, 0x732a, 0x730a, 0x7309, 0x6aa8, 0x6288, 0x730a, 0x72ea, 0x5a47, 0x6267, 0x6267, 0x6267, 
	0x6247, 0x5a05, 0x5a05, 0x6226, 0x6206, 0x6226, 0x6a26, 0x6a46, 0x6a46, 0x6a67, 0x7287, 0x72a8, 0x7aa8, 0x7a87, 0x7287, 0x7267, 
	0x7247, 0x7246, 0x7267, 0x7267, 0x7aa8, 0x7ac8, 0x82c8, 0x82e8, 0x82e8, 0x8ae9, 0x8ae9, 0x8ae9, 0x8ae9, 0x8ae9, 0x8ae9, 0x8ae8, 
	0x8ae9, 0x8ae9, 0x8ae9, 0x8ae9, 0x8b09, 0x8ae9, 0x82c8, 0x82c8, 0x7aa8, 0x7aa8, 0x7aa8, 0x7aa8, 0x7a88, 0x7287, 0x7267, 0x6a46, 
	0x6a46, 0x6a47, 0x6a46, 0x6a46, 0x6a26, 0x6226, 0x6a26, 0x6a26, 0x6a26, 0x6a26, 0x6a47, 0x6a47, 0x7267, 0x7287, 0x7288, 0x7288, 
	0x72a8, 0x72a8, 0x7288, 0x7267, 0x6a67, 0x6a47, 0x6247, 0x6a67, 0x72a9, 0x7b2a, 0x49a5, 0x0000, 0x0000, 0x0000, 0x0000, 0x0000, 
	0x0000, 0x0000, 0x0000, 0x0000, 0x0000, 0x0000, 0x0000, 0x0000, 0x0000, 0x0000, 0x0000, 0x0000, 0x0000, 0x0000, 0x0000, 0x0000, 
	0x0000, 0x0000, 0x0000, 0x0000, 0x0000, 0x0000, 0x0000, 0x0000, 0x0000, 0x0000, 0x0000, 0x0000, 0x0000, 0x0000, 0x0000, 0x0000, 
	0x0000, 0x0000, 0x0000, 0x0000, 0x0000, 0x0000, 0x0000, 0x0000, 0x0000, 0x0000, 0x0000, 0x0000, 0x0000, 0x0000, 0x0000, 0x0000, 
	0x0000, 0x0000, 0x0000, 0x0000, 0x0000, 0x0000, 0x0000, 0x0000, 0x0000, 0x0000, 0x0000, 0x0000, 0x0000, 0x0000, 0x0000, 0x0000, 
	0x0000, 0x734c, 0x9c90, 0x944f, 0x7b8c, 0x730a, 0x730a, 0x6ae9, 0x6288, 0x6288, 0x72e9, 0x6aa8, 0x5a47, 0x6247, 0x5a26, 0x6227, 
	0x5a06, 0x51c5, 0x51c5, 0x59e6, 0x59e5, 0x6206, 0x6226, 0x6226, 0x6a46, 0x6a46, 0x6a47, 0x6a67, 0x7267, 0x7267, 0x7267, 0x7267, 
	0x7267, 0x7267, 0x7267, 0x7267, 0x7a87, 0x7aa8, 0x82c8, 0x82e9, 0x8ae8, 0x8b09, 0x8ae9, 0x8ae9, 0x8ae9, 0x8ae9, 0x8ae9, 0x8ae8, 
	0x8ae8, 0x8ae8, 0x8ae9, 0x8ae9, 0x8ae9, 0x8ae9, 0x82c8, 0x7aa8, 0x7a87, 0x7287, 0x7287, 0x7287, 0x7a87, 0x7267, 0x6a26, 0x6205, 
	0x61e5, 0x61e5, 0x61e5, 0x59e5, 0x59c5, 0x59c5, 0x59c5, 0x59c5, 0x59c5, 0x59c5, 0x59c5, 0x59e5, 0x6206, 0x6226, 0x6226, 0x6a47, 
	0x6a67, 0x7288, 0x7288, 0x6a87, 0x7267, 0x6a47, 0x6a47, 0x6a67, 0x6a88, 0x72c9, 0x49a5, 0x0000, 0x0000, 0x0000, 0x0000, 0x0000, 
	0x0000, 0x0000, 0x0000, 0x0000, 0x0000, 0x0000, 0x0000, 0x0000, 0x0000, 0x0000, 0x0000, 0x0000, 0x0000, 0x0000, 0x0000, 0x0000, 
	0x0000, 0x0000, 0x0000, 0x0000, 0x0000, 0x0000, 0x0000, 0x0000, 0x0000, 0x0000, 0x0000, 0x0000, 0x0000, 0x0000, 0x0000, 0x0000, 
	0x0000, 0x0000, 0x0000, 0x0000, 0x0000, 0x0000, 0x0000, 0x0000, 0x0000, 0x0000, 0x0000, 0x0000, 0x0000, 0x0000, 0x0000, 0x0000, 
	0x0000, 0x0000, 0x0000, 0x0000, 0x0000, 0x0000, 0x0000, 0x0000, 0x0000, 0x0000, 0x0000, 0x0000, 0x0000, 0x0000, 0x0000, 0x0000, 
	0x0000, 0x83ce, 0x9c90, 0x8bed, 0x7b6b, 0x6aea, 0x72ea, 0x6ac9, 0x6288, 0x6267, 0x72c9, 0x6a88, 0x5a26, 0x5a06, 0x49a4, 0x4984, 
	0x4963, 0x4123, 0x4123, 0x4963, 0x4983, 0x4983, 0x51c4, 0x59c5, 0x59e5, 0x59e5, 0x59e5, 0x6206, 0x6a46, 0x6a46, 0x7267, 0x6a26, 
	0x6a46, 0x7246, 0x7246, 0x7267, 0x7a87, 0x7aa8, 0x82c8, 0x82e9, 0x8ae8, 0x8b09, 0x8ae9, 0x8ae9, 0x8ae9, 0x8ae9, 0x8ae9, 0x8ae8, 
	0x8ae8, 0x8ae8, 0x8ae8, 0x8ae8, 0x8ae9, 0x82c8, 0x7aa8, 0x7a87, 0x7267, 0x6a46, 0x6a46, 0x7267, 0x6a46, 0x61e5, 0x59c4, 0x5183, 
	0x5183, 0x4963, 0x4943, 0x4943, 0x4122, 0x4122, 0x4122, 0x4122, 0x4123, 0x4143, 0x4143, 0x4163, 0x4983, 0x4983, 0x49a4, 0x51e5, 
	0x6206, 0x6a67, 0x7288, 0x7288, 0x7287, 0x6a67, 0x6a47, 0x6a67, 0x6a68, 0x72c9, 0x4165, 0x0000, 0x0000, 0x0000, 0x0000, 0x0000, 
	0x0000, 0x0000, 0x0000, 0x0000, 0x0000, 0x0000, 0x0000, 0x0000, 0x0000, 0x0000, 0x0000, 0x0000, 0x0000, 0x0000, 0x0000, 0x0000, 
	0x0000, 0x0000, 0x0000, 0x0000, 0x0000, 0x0000, 0x0000, 0x0000, 0x0000, 0x0000, 0x0000, 0x0000, 0x0000, 0x0000, 0x0000, 0x0000, 
	0x0000, 0x0000, 0x0000, 0x0000, 0x0000, 0x0000, 0x0000, 0x0000, 0x0000, 0x0000, 0x0000, 0x0000, 0x0000, 0x0000, 0x0000, 0x0000, 
	0x0000, 0x0000, 0x0000, 0x0000, 0x0000, 0x0000, 0x0000, 0x0000, 0x0000, 0x0000, 0x0000, 0x0000, 0x0000, 0x0000, 0x0000, 0x0000, 
	0x0000, 0x734b, 0x9c90, 0x83cd, 0x7b4b, 0x6ae9, 0x6ac9, 0x62a8, 0x6267, 0x6288, 0x6ac9, 0x6288, 0x5a26, 0x4984, 0x4143, 0x30c1, 
	0x30c1, 0x30a0, 0x30c1, 0x30c1, 0x30c1, 0x38e1, 0x38e1, 0x38e1, 0x4101, 0x4101, 0x4942, 0x5183, 0x59c4, 0x6205, 0x6205, 0x6a26, 
	0x6a26, 0x6a26, 0x6a26, 0x7247, 0x7266, 0x7a87, 0x82c8, 0x8ae8, 0x8ae8, 0x8ae9, 0x8ae9, 0x8ae9, 0x8ae9, 0x8ae9, 0x8ae9, 0x8ae9, 
	0x8ae9, 0x8ae8, 0x8ac8, 0x82c8, 0x82c8, 0x7aa8, 0x7267, 0x7246, 0x6a46, 0x6a05, 0x6205, 0x6a26, 0x61e5, 0x59a4, 0x5183, 0x5163, 
	0x4943, 0x4122, 0x4122, 0x3902, 0x38e1, 0x38e1, 0x38e1, 0x30e1, 0x30e1, 0x38e2, 0x3902, 0x4143, 0x4142, 0x4163, 0x4963, 0x4984, 
	0x51a4, 0x59e5, 0x6246, 0x6a67, 0x6a67, 0x6a67, 0x6a67, 0x6a88, 0x72c8, 0x72c8, 0x3965, 0x0000, 0x0000, 0x0000, 0x0000, 0x0000, 
	0x0000, 0x0000, 0x0000, 0x0000, 0x0000, 0x0000, 0x0000, 0x0000, 0x0000, 0x0000, 0x0000, 0x0000, 0x0000, 0x0000, 0x0000, 0x0000, 
	0x0000, 0x0000, 0x0000, 0x0000, 0x0000, 0x0000, 0x0000, 0x0000, 0x0000, 0x0000, 0x0000, 0x0000, 0x0000, 0x0000, 0x0000, 0x0000, 
	0x0000, 0x0000, 0x0000, 0x0000, 0x0000, 0x0000, 0x0000, 0x0000, 0x0000, 0x0000, 0x0000, 0x0000, 0x0000, 0x0000, 0x0000, 0x0000, 
	0x0000, 0x0000, 0x0000, 0x0000, 0x0000, 0x0000, 0x0000, 0x0000, 0x0000, 0x0000, 0x0000, 0x0000, 0x0000, 0x0000, 0x0000, 0x0000, 
	0x0000, 0x83ee, 0xacd1, 0x83ac, 0x730a, 0x6ac9, 0x6ac9, 0x62a8, 0x5a47, 0x6267, 0x6aa8, 0x6267, 0x5206, 0x3922, 0x3902, 0x38e1, 
	0x38e1, 0x30c1, 0x30c1, 0x30a0, 0x30a0, 0x30a0, 0x30c0, 0x30c0, 0x38c0, 0x4101, 0x4922, 0x5163, 0x5163, 0x59c4, 0x61e5, 0x61e5, 
	0x61e5, 0x61e5, 0x6a26, 0x6a26, 0x6a46, 0x7287, 0x82a7, 0x82c8, 0x8ae8, 0x8ae9, 0x8ae9, 0x8ae9, 0x8ae9, 0x8ae9, 0x8ae9, 0x8ae9, 
	0x8ae8, 0x8ae8, 0x82c8, 0x7ac8, 0x7a87, 0x7a67, 0x7266, 0x6a26, 0x6a25, 0x61e5, 0x61e5, 0x6205, 0x59c4, 0x59a4, 0x59a4, 0x5184, 
	0x5163, 0x4943, 0x4943, 0x4922, 0x4102, 0x4102, 0x3902, 0x4122, 0x38e1, 0x38e1, 0x30e1, 0x38e2, 0x4142, 0x4943, 0x4963, 0x4963, 
	0x4984, 0x5184, 0x51a4, 0x59e5, 0x6226, 0x6226, 0x6226, 0x6a88, 0x7ae9, 0x7ae9, 0x4165, 0x0000, 0x0000, 0x0000, 0x0000, 0x0000, 
	0x0000, 0x0000, 0x0000, 0x0000, 0x0000, 0x0000, 0x0000, 0x0000, 0x0000, 0x0000, 0x0000, 0x0000, 0x0000, 0x0000, 0x0000, 0x0000, 
	0x0000, 0x0000, 0x0000, 0x0000, 0x0000, 0x0000, 0x0000, 0x0000, 0x0000, 0x0000, 0x0000, 0x0000, 0x0000, 0x0000, 0x0000, 0x0000, 
	0x0000, 0x0000, 0x0000, 0x0000, 0x0000, 0x0000, 0x0000, 0x0000, 0x0000, 0x0000, 0x0000, 0x0000, 0x0000, 0x0000, 0x0000, 0x0000, 
	0x0000, 0x0000, 0x0000, 0x0000, 0x0000, 0x0000, 0x0000, 0x0000, 0x0000, 0x0000, 0x0000, 0x0000, 0x0000, 0x0000, 0x0000, 0x0000, 
	0x20e3, 0x9450, 0x9c4f, 0x7b6c, 0x730a, 0x6ac9, 0x6ac9, 0x6268, 0x5a27, 0x5a47, 0x6267, 0x5a06, 0x4984, 0x30c1, 0x3902, 0x3902, 
	0x4102, 0x4102, 0x3902, 0x30c0, 0x30a0, 0x30a0, 0x38c1, 0x38e1, 0x4102, 0x4922, 0x4942, 0x5162, 0x5163, 0x59a4, 0x61c5, 0x61e5, 
	0x61e5, 0x59c4, 0x6205, 0x6205, 0x7226, 0x7266, 0x7a87, 0x82c8, 0x82c8, 0x82e8, 0x8ae8, 0x8ae9, 0x8ae9, 0x8ae9, 0x8ae9, 0x8ae8, 
	0x8ae8, 0x82e8, 0x82c8, 0x7a87, 0x7246, 0x7226, 0x6a26, 0x6a05, 0x6a05, 0x61c4, 0x69e5, 0x61e5, 0x61c5, 0x61c4, 0x59c4, 0x5984, 
	0x5184, 0x5184, 0x5183, 0x5163, 0x4963, 0x4963, 0x4963, 0x4963, 0x4983, 0x4983, 0x4963, 0x4963, 0x51a4, 0x51c4, 0x51c4, 0x59c5, 
	0x59e5, 0x51c4, 0x51a4, 0x51a4, 0x51c5, 0x59e6, 0x6206, 0x6a47, 0x7ae9, 0x832a, 0x4185, 0x0000, 0x0000, 0x0000, 0x0000, 0x0000, 
	0x0000, 0x0000, 0x0000, 0x0000, 0x0000, 0x0000, 0x0000, 0x0000, 0x0000, 0x0000, 0x0000, 0x0000, 0x0000, 0x0000, 0x0000, 0x0000, 
	0x0000, 0x0000, 0x0000, 0x0000, 0x0000, 0x0000, 0x0000, 0x0000, 0x0000, 0x0000, 0x0000, 0x0000, 0x0000, 0x0000, 0x0000, 0x0000, 
	0x0000, 0x0000, 0x0000, 0x0000, 0x0000, 0x0000, 0x0000, 0x0000, 0x0000, 0x0000, 0x0000, 0x0000, 0x0000, 0x0000, 0x0000, 0x0000, 
	0x0000, 0x0000, 0x0000, 0x0000, 0x0000, 0x0000, 0x0000, 0x0000, 0x0000, 0x0000, 0x0000, 0x0000, 0x0000, 0x0000, 0x0000, 0x0000, 
	0x39a5, 0xa4b0, 0x838c, 0x7b4b, 0x6ae9, 0x62a8, 0x6288, 0x5a67, 0x5a26, 0x51e6, 0x5a06, 0x51c5, 0x3902, 0x30c1, 0x3902, 0x4142, 
	0x4983, 0x5184, 0x5183, 0x5183, 0x4963, 0x38e1, 0x4101, 0x4122, 0x4922, 0x4943, 0x5183, 0x5983, 0x5984, 0x59a4, 0x59c4, 0x61c4, 
	0x61e5, 0x61e5, 0x61e5, 0x6205, 0x7226, 0x7246, 0x7266, 0x7aa7, 0x82c8, 0x82c8, 0x8ae9, 0x8ae9, 0x8ae9, 0x8b09, 0x8b09, 0x8ae9, 
	0x8ae9, 0x82c8, 0x7aa7, 0x7a67, 0x7226, 0x6a26, 0x6a26, 0x6a05, 0x61e5, 0x61e5, 0x6a05, 0x61e5, 0x61e5, 0x61c4, 0x61e5, 0x61c4, 
	0x59c4, 0x59c4, 0x59c4, 0x59a4, 0x59a4, 0x59c5, 0x59c5, 0x59c5, 0x61e5, 0x61e5, 0x61e5, 0x59e5, 0x59e5, 0x59e5, 0x5a05, 0x59e5, 
	0x59e5, 0x51e5, 0x51c4, 0x51c4, 0x51a4, 0x51a4, 0x59c5, 0x6226, 0x7ae9, 0x8b8c, 0x49e6, 0x0000, 0x0000, 0x0000, 0x0000, 0x0000, 
	0x0000, 0x0000, 0x0000, 0x0000, 0x0000, 0x0000, 0x0000, 0x0000, 0x0000, 0x0000, 0x0000, 0x0000, 0x0000, 0x0000, 0x0000, 0x0000, 
	0x0000, 0x0000, 0x0000, 0x0000, 0x0000, 0x0000, 0x0000, 0x0000, 0x0000, 0x0000, 0x0000, 0x0000, 0x0000, 0x0000, 0x0000, 0x0000, 
	0x0000, 0x0000, 0x0000, 0x0000, 0x0000, 0x0000, 0x0000, 0x0000, 0x0000, 0x0000, 0x0000, 0x0000, 0x0000, 0x0000, 0x0000, 0x0000, 
	0x0000, 0x0000, 0x0000, 0x0000, 0x0000, 0x0000, 0x0000, 0x0000, 0x0000, 0x0000, 0x0000, 0x0000, 0x0000, 0x0000, 0x0000, 0x0000, 
	0x7bce, 0xb533, 0x7b6b, 0x7b4b, 0x6ae9, 0x62a8, 0x6287, 0x5a47, 0x51e5, 0x3902, 0x4984, 0x4163, 0x3902, 0x4143, 0x4984, 0x51a4, 
	0x59e5, 0x59e5, 0x59e5, 0x59e5, 0x59e5, 0x59c4, 0x59c4, 0x59a4, 0x59a4, 0x59c4, 0x61c4, 0x61e4, 0x61e5, 0x61e5, 0x61e5, 0x61e5, 
	0x61e5, 0x61e5, 0x6205, 0x6205, 0x6a25, 0x7246, 0x7267, 0x7a87, 0x82c8, 0x82c8, 0x8ae8, 0x8ae8, 0x8b08, 0x8b09, 0x8b09, 0x8ae8, 
	0x8ae9, 0x82c8, 0x7aa7, 0x7a67, 0x7246, 0x6a25, 0x6a25, 0x6a05, 0x61e5, 0x61e5, 0x6a05, 0x6a05, 0x61e5, 0x61e5, 0x6a05, 0x61e5, 
	0x6205, 0x61e5, 0x6205, 0x61e5, 0x61e5, 0x6205, 0x6205, 0x6205, 0x6205, 0x6205, 0x6205, 0x6205, 0x6205, 0x6205, 0x6205, 0x6205, 
	0x6226, 0x6205, 0x5a05, 0x59c5, 0x59c5, 0x51a4, 0x51a5, 0x6206, 0x72c8, 0x9bed, 0x49e6, 0x0000, 0x0000, 0x0000, 0x0000, 0x0000, 
	0x0000, 0x0000, 0x0000, 0x0000, 0x0000, 0x0000, 0x0000, 0x0000, 0x0000, 0x0000, 0x0000, 0x0000, 0x0000, 0x0000, 0x0000, 0x0000, 
	0x0000, 0x0000, 0x0000, 0x0000, 0x0000, 0x0000, 0x0000, 0x0000, 0x0000, 0x0000, 0x0000, 0x0000, 0x0000, 0x0000, 0x0000, 0x0000, 
	0x0000, 0x0000, 0x0000, 0x0000, 0x0000, 0x0000, 0x0000, 0x0000, 0x0000, 0x0000, 0x0000, 0x0000, 0x0000, 0x0000, 0x0000, 0x0000, 
	0x0000, 0x0000, 0x0000, 0x0000, 0x0000, 0x0000, 0x0000, 0x0000, 0x0000, 0x0000, 0x0000, 0x0000, 0x0000, 0x0000, 0x0000, 0x20e3, 
	0xa4f2, 0x944f, 0x7b4b, 0x732a, 0x6ac8, 0x6287, 0x5a67, 0x5a26, 0x49a4, 0x30e1, 0x4143, 0x4143, 0x4963, 0x51a4, 0x59e5, 0x59e5, 
	0x59e5, 0x61e5, 0x6205, 0x6205, 0x6205, 0x6205, 0x6205, 0x6205, 0x61e5, 0x61e5, 0x61e5, 0x61e5, 0x61e5, 0x6205, 0x6205, 0x6205, 
	0x6a05, 0x6a05, 0x6205, 0x6205, 0x6a25, 0x7246, 0x7267, 0x7a67, 0x7aa7, 0x82c8, 0x8ae8, 0x8b09, 0x8b09, 0x9329, 0x8b29, 0x8b09, 
	0x8ae9, 0x82c8, 0x7aa7, 0x7266, 0x7246, 0x6a25, 0x6a25, 0x6a05, 0x6a05, 0x61e5, 0x6a05, 0x6a05, 0x6a05, 0x6a05, 0x6a05, 0x6a05, 
	0x6205, 0x6205, 0x6205, 0x6205, 0x6205, 0x6205, 0x6205, 0x6a05, 0x6a26, 0x6a26, 0x6a26, 0x6226, 0x6a26, 0x6226, 0x6226, 0x6226, 
	0x6226, 0x6226, 0x6226, 0x6206, 0x59e5, 0x59c5, 0x51c5, 0x59c5, 0x6a87, 0x9bcd, 0x49e6, 0x0000, 0x0000, 0x0000, 0x0000, 0x0000, 
	0x0000, 0x0000, 0x0000, 0x0000, 0x0000, 0x0000, 0x0000, 0x0000, 0x0000, 0x0000, 0x0000, 0x0000, 0x0000, 0x0000, 0x0000, 0x0000, 
	0x0000, 0x0000, 0x0000, 0x0000, 0x0000, 0x0000, 0x0000, 0x0000, 0x0000, 0x0000, 0x0000, 0x0000, 0x0000, 0x0000, 0x0000, 0x0000, 
	0x0000, 0x0000, 0x0000, 0x0000, 0x0000, 0x0000, 0x0000, 0x0000, 0x0000, 0x0000, 0x0000, 0x0000, 0x0000, 0x0000, 0x0000, 0x0000, 
	0x0000, 0x0000, 0x0000, 0x0000, 0x0000, 0x0000, 0x0000, 0x0000, 0x0000, 0x0000, 0x0000, 0x0000, 0x0000, 0x0000, 0x0000, 0x4a07, 
	0xb573, 0x83ed, 0x732a, 0x732a, 0x6ac8, 0x6267, 0x5a47, 0x5a26, 0x4163, 0x30e1, 0x4143, 0x4963, 0x51a4, 0x59c5, 0x59e5, 0x59e5, 
	0x59e5, 0x6205, 0x6206, 0x6226, 0x6a06, 0x6a26, 0x6a26, 0x6a06, 0x6a05, 0x6a05, 0x6a05, 0x6a05, 0x6a05, 0x6a05, 0x6a05, 0x6a05, 
	0x6a25, 0x6a05, 0x6a05, 0x6a05, 0x6a25, 0x7246, 0x7246, 0x7267, 0x7a87, 0x82c8, 0x8b09, 0x8b09, 0x9329, 0x9329, 0x8b29, 0x8b09, 
	0x8ae8, 0x82c8, 0x7aa7, 0x7266, 0x7246, 0x7226, 0x6a25, 0x6a25, 0x6a05, 0x6a05, 0x6a05, 0x6a05, 0x6a05, 0x6a05, 0x6a05, 0x6a05, 
	0x6a05, 0x6a05, 0x6a05, 0x6a26, 0x6a26, 0x6a26, 0x6a26, 0x6a26, 0x6a26, 0x7246, 0x6a46, 0x6a26, 0x6a26, 0x6a26, 0x6a26, 0x6a26, 
	0x6a26, 0x6a26, 0x6a26, 0x6246, 0x6246, 0x6206, 0x59e5, 0x59e5, 0x6a47, 0x834b, 0x5207, 0x0000, 0x0000, 0x0000, 0x0000, 0x0000, 
	0x0000, 0x0000, 0x0000, 0x0000, 0x0000, 0x0000, 0x0000, 0x0000, 0x0000, 0x0000, 0x0000, 0x0000, 0x0000, 0x0000, 0x0000, 0x0000, 
	0x0000, 0x0000, 0x0000, 0x0000, 0x0000, 0x0000, 0x0000, 0x0000, 0x0000, 0x0000, 0x0000, 0x0000, 0x0000, 0x0000, 0x0000, 0x0000, 
	0x0000, 0x0000, 0x0000, 0x0000, 0x0000, 0x0000, 0x0000, 0x0000, 0x0000, 0x0000, 0x0000, 0x0000, 0x0000, 0x0000, 0x0000, 0x0000, 
	0x0000, 0x0000, 0x0000, 0x0000, 0x0000, 0x0000, 0x0000, 0x0000, 0x0000, 0x0000, 0x0000, 0x0000, 0x0000, 0x0000, 0x0000, 0x5aaa, 
	0xa4f1, 0x7b8c, 0x6b0a, 0x730a, 0x62a8, 0x5a47, 0x5a47, 0x5206, 0x4164, 0x3902, 0x4164, 0x51a4, 0x51c5, 0x59c5, 0x59e5, 0x59e5, 
	0x6205, 0x6206, 0x6a26, 0x6a46, 0x6a46, 0x6a46, 0x6a46, 0x7246, 0x6a26, 0x6a05, 0x6a05, 0x6a05, 0x6a05, 0x6a05, 0x6a05, 0x6a05, 
	0x6a05, 0x6a05, 0x6a05, 0x6a05, 0x6a25, 0x7246, 0x7266, 0x7266, 0x7aa7, 0x82e8, 0x8b09, 0x932a, 0x9349, 0x9349, 0x9329, 0x8b29, 
	0x8b09, 0x82c8, 0x7aa7, 0x7266, 0x7246, 0x7246, 0x6a25, 0x6a05, 0x6a25, 0x6a05, 0x6a05, 0x6a05, 0x6a05, 0x6a05, 0x6a05, 0x6a05, 
	0x6a05, 0x6a05, 0x7246, 0x7246, 0x7267, 0x7267, 0x7246, 0x7246, 0x7267, 0x7267, 0x7267, 0x7247, 0x6a46, 0x6a46, 0x6a46, 0x6a26, 
	0x6a26, 0x6a46, 0x6a46, 0x6a67, 0x6a47, 0x6a47, 0x6246, 0x6246, 0x6a67, 0x8b4b, 0x51e7, 0x0000, 0x0000, 0x0000, 0x0000, 0x0000, 
	0x0000, 0x0000, 0x0000, 0x0000, 0x0000, 0x0000, 0x0000, 0x0000, 0x0000, 0x0000, 0x0000, 0x0000, 0x0000, 0x0000, 0x0000, 0x0000, 
	0x0000, 0x0000, 0x0000, 0x0000, 0x0000, 0x0000, 0x0000, 0x0000, 0x0000, 0x0000, 0x0000, 0x0000, 0x0000, 0x0000, 0x0000, 0x0000, 
	0x0000, 0x0000, 0x0000, 0x0000, 0x0000, 0x0000, 0x0000, 0x0000, 0x0000, 0x0000, 0x0000, 0x0000, 0x0000, 0x0000, 0x0000, 0x0000, 
	0x0000, 0x0000, 0x0000, 0x0000, 0x0000, 0x0000, 0x0000, 0x0000, 0x0000, 0x0000, 0x0000, 0x0000, 0x0000, 0x0000, 0x0000, 0x6b2b, 
	0x8bee, 0x7b4b, 0x6b0a, 0x6aea, 0x6288, 0x6247, 0x5a06, 0x51e5, 0x49a4, 0x4163, 0x51c4, 0x51c5, 0x51c5, 0x59e5, 0x59e5, 0x59e5, 
	0x6206, 0x6a26, 0x6a46, 0x6a47, 0x7246, 0x7246, 0x7246, 0x7247, 0x7246, 0x6a25, 0x6a05, 0x6a05, 0x6a05, 0x69e5, 0x69e5, 0x6a05, 
	0x6a05, 0x6a05, 0x6a05, 0x6a05, 0x6a05, 0x6a26, 0x7266, 0x7267, 0x7aa7, 0x82e8, 0x8b29, 0x934a, 0x9349, 0x9349, 0x9349, 0x9329, 
	0x8b09, 0x82c8, 0x7a87, 0x7266, 0x7226, 0x6a25, 0x6a25, 0x6a25, 0x6a25, 0x6a05, 0x6a05, 0x69e5, 0x69e5, 0x61e4, 0x61e5, 0x69e5, 
	0x6a05, 0x6a26, 0x7246, 0x7267, 0x7267, 0x7267, 0x7267, 0x7267, 0x7267, 0x7267, 0x7246, 0x7246, 0x7267, 0x7247, 0x6a46, 0x6a46, 
	0x7226, 0x6a46, 0x6a46, 0x6a67, 0x6a67, 0x7267, 0x7287, 0x7288, 0x7aa8, 0x832a, 0x5227, 0x0000, 0x0000, 0x0000, 0x0000, 0x0000, 
	0x0000, 0x0000, 0x0000, 0x0000, 0x0000, 0x0000, 0x0000, 0x0000, 0x0000, 0x0000, 0x0000, 0x0000, 0x0000, 0x0000, 0x0000, 0x0000, 
	0x0000, 0x0000, 0x0000, 0x0000, 0x0000, 0x0000, 0x0000, 0x0000, 0x0000, 0x0000, 0x0000, 0x0000, 0x0000, 0x0000, 0x0000, 0x0000, 
	0x0000, 0x0000, 0x0000, 0x0000, 0x0000, 0x0000, 0x0000, 0x0000, 0x0000, 0x0000, 0x0000, 0x0000, 0x0000, 0x0000, 0x0000, 0x0000, 
	0x0000, 0x0000, 0x0000, 0x0000, 0x0000, 0x0000, 0x0000, 0x0000, 0x0000, 0x0000, 0x0000, 0x0000, 0x0000, 0x0000, 0x1800, 0x7b8d, 
	0x83cd, 0x732a, 0x6ae9, 0x6ac9, 0x6287, 0x5a27, 0x51e5, 0x51c5, 0x51c5, 0x49a4, 0x51e5, 0x51e5, 0x51e5, 0x59e5, 0x59e5, 0x5a06, 
	0x6226, 0x6a26, 0x6a46, 0x6a46, 0x7247, 0x7247, 0x7247, 0x7247, 0x7246, 0x6a25, 0x6a05, 0x69e5, 0x69e5, 0x61e4, 0x61e4, 0x61c4, 
	0x61e5, 0x6a05, 0x6a05, 0x6a05, 0x6a05, 0x6a26, 0x6a46, 0x7267, 0x7aa7, 0x82e9, 0x8b2a, 0x934a, 0x9b6a, 0x9b6a, 0x934a, 0x9329, 
	0x8b09, 0x82c8, 0x7a87, 0x7266, 0x7226, 0x6a25, 0x6a05, 0x6a05, 0x6a05, 0x6a05, 0x69e5, 0x61e4, 0x61c4, 0x61c4, 0x61c4, 0x69e5, 
	0x6a05, 0x6a05, 0x6a26, 0x7246, 0x7266, 0x7246, 0x7246, 0x7246, 0x7246, 0x7246, 0x6a26, 0x7246, 0x7247, 0x7267, 0x7267, 0x6a46, 
	0x6a26, 0x6a46, 0x6a46, 0x6a46, 0x6a67, 0x7267, 0x72a8, 0x7ac8, 0x7ac9, 0x8b2a, 0x51e7, 0x0000, 0x0000, 0x0000, 0x0000, 0x0000, 
	0x0000, 0x0000, 0x0000, 0x0000, 0x0000, 0x0000, 0x0000, 0x0000, 0x0000, 0x0000, 0x0000, 0x0000, 0x0000, 0x0000, 0x0000, 0x0000, 
	0x0000, 0x0000, 0x0000, 0x0000, 0x0000, 0x0000, 0x0000, 0x0000, 0x0000, 0x0000, 0x0000, 0x0000, 0x0000, 0x0000, 0x0000, 0x0000, 
	0x0000, 0x0000, 0x0000, 0x0000, 0x0000, 0x0000, 0x0000, 0x0000, 0x0000, 0x0000, 0x0000, 0x0000, 0x0000, 0x0000, 0x0000, 0x0000, 
	0x0000, 0x0000, 0x0000, 0x0000, 0x0000, 0x0000, 0x0000, 0x0000, 0x0000, 0x0000, 0x0000, 0x0000, 0x0000, 0x0000, 0x20e3, 0x8bee, 
	0x83cc, 0x6ae9, 0x62c9, 0x6ac9, 0x6288, 0x5a27, 0x49a5, 0x4984, 0x51c5, 0x51e5, 0x59e5, 0x59e5, 0x59e5, 0x59e5, 0x59e5, 0x5a05, 
	0x61e5, 0x61e5, 0x59c5, 0x59c5, 0x59a4, 0x59a4, 0x59a5, 0x59c4, 0x59a4, 0x61a4, 0x61c4, 0x61c4, 0x61c4, 0x61a4, 0x61a4, 0x61c4, 
	0x61e4, 0x61e4, 0x61e4, 0x69e5, 0x6205, 0x6205, 0x6a26, 0x7267, 0x7aa7, 0x8ae9, 0x932a, 0x936a, 0x9b8b, 0x9b8b, 0x9b6a, 0x9329, 
	0x8b09, 0x82e8, 0x7a87, 0x7266, 0x7226, 0x6a05, 0x6a05, 0x6a05, 0x6a05, 0x6a05, 0x61e5, 0x61e4, 0x61c4, 0x61c4, 0x61c4, 0x61c4, 
	0x61e5, 0x6a05, 0x6a05, 0x61c5, 0x61c4, 0x61c4, 0x61c5, 0x61c5, 0x61c5, 0x61c5, 0x61e5, 0x6a05, 0x6a46, 0x7267, 0x7287, 0x7287, 
	0x7267, 0x6a46, 0x6a46, 0x6a46, 0x6a67, 0x7267, 0x72a8, 0x7ae9, 0x8309, 0x8b2a, 0x49a5, 0x0000, 0x0000, 0x0000, 0x0000, 0x0000, 
	0x0000, 0x0000, 0x0000, 0x0000, 0x0000, 0x0000, 0x0000, 0x0000, 0x0000, 0x0000, 0x0000, 0x0000, 0x0000, 0x0000, 0x0000, 0x0000, 
	0x0000, 0x0000, 0x0000, 0x0000, 0x0000, 0x0000, 0x0000, 0x0000, 0x0000, 0x0000, 0x0000, 0x0000, 0x0000, 0x0000, 0x0000, 0x0000, 
	0x0000, 0x0000, 0x0000, 0x0000, 0x0000, 0x0000, 0x0000, 0x0000, 0x0000, 0x0000, 0x0000, 0x0000, 0x0000, 0x0000, 0x0000, 0x0000, 
	0x0000, 0x0000, 0x0000, 0x0000, 0x0000, 0x0000, 0x0000, 0x0000, 0x0000, 0x0000, 0x0000, 0x0000, 0x0000, 0x0000, 0x41a6, 0x8bee, 
	0x7b6b, 0x6ae9, 0x62a8, 0x6288, 0x6268, 0x5a26, 0x4184, 0x4184, 0x51c5, 0x51e5, 0x59e5, 0x51e5, 0x51c5, 0x59e5, 0x59e5, 0x5184, 
	0x5164, 0x5184, 0x59a5, 0x61c5, 0x61e5, 0x61e5, 0x61e6, 0x61e4, 0x59a4, 0x5983, 0x5142, 0x5142, 0x5142, 0x5963, 0x61a3, 0x61a4, 
	0x61a4, 0x61c4, 0x61c4, 0x61e4, 0x61e4, 0x61e5, 0x6a26, 0x7267, 0x7aa7, 0x8ae9, 0x8b29, 0x936a, 0x9b8b, 0x9b8b, 0x9b6a, 0x9349, 
	0x8b09, 0x82c8, 0x7a87, 0x7246, 0x6a05, 0x69e5, 0x61e5, 0x61e5, 0x61e5, 0x61c4, 0x61c4, 0x61c4, 0x61a4, 0x5984, 0x59a4, 0x5984, 
	0x5163, 0x5142, 0x5963, 0x61a4, 0x61c5, 0x61c5, 0x61c5, 0x61e5, 0x61e5, 0x61c4, 0x59a4, 0x59a4, 0x59a4, 0x61e5, 0x6a46, 0x7aa8, 
	0x72a8, 0x7267, 0x6a46, 0x6a46, 0x6a67, 0x7267, 0x72a8, 0x82e9, 0x832a, 0x8b4b, 0x49a5, 0x0000, 0x0000, 0x0000, 0x0000, 0x0000, 
	0x0000, 0x0000, 0x0000, 0x0000, 0x0000, 0x0000, 0x0000, 0x0000, 0x0000, 0x0000, 0x0000, 0x0000, 0x0000, 0x0000, 0x0000, 0x0000, 
	0x0000, 0x0000, 0x0000, 0x0000, 0x0000, 0x0000, 0x0000, 0x0000, 0x0000, 0x0000, 0x0000, 0x0000, 0x0000, 0x0000, 0x0000, 0x0000, 
	0x0000, 0x0000, 0x0000, 0x0000, 0x0000, 0x0000, 0x0000, 0x0000, 0x0000, 0x0000, 0x0000, 0x0000, 0x0000, 0x0000, 0x0000, 0x0000, 
	0x0000, 0x0000, 0x0000, 0x0000, 0x0000, 0x0000, 0x0000, 0x0000, 0x0000, 0x0000, 0x0000, 0x0000, 0x0000, 0x0000, 0x6b4b, 0x8bcd, 
	0x732a, 0x6ae9, 0x62a8, 0x5a67, 0x5a67, 0x5206, 0x4163, 0x4183, 0x51c5, 0x5a06, 0x5a05, 0x51e5, 0x51c5, 0x51c5, 0x5184, 0x51a4, 
	0x59c5, 0x59c5, 0x61e5, 0x6206, 0x6206, 0x6206, 0x6a06, 0x6205, 0x61c5, 0x59a4, 0x5163, 0x5143, 0x5142, 0x5122, 0x5122, 0x5983, 
	0x5983, 0x61a4, 0x61c4, 0x61c4, 0x61e4, 0x61e5, 0x6a06, 0x7246, 0x7aa7, 0x8309, 0x8b29, 0x9b6b, 0x9bab, 0x9bab, 0x9b8b, 0x934a, 
	0x8b09, 0x82c8, 0x7a67, 0x7246, 0x6a05, 0x61e4, 0x61e5, 0x61c4, 0x61c4, 0x61c4, 0x61a4, 0x5983, 0x5963, 0x5163, 0x4902, 0x5122, 
	0x5963, 0x5984, 0x59a4, 0x61a5, 0x61e5, 0x61e5, 0x6205, 0x6a26, 0x6a06, 0x6a06, 0x6205, 0x6206, 0x6226, 0x6226, 0x6226, 0x61e5, 
	0x6a67, 0x7288, 0x6a46, 0x6a46, 0x6a47, 0x7267, 0x7aa8, 0x8309, 0x8b4a, 0x938b, 0x51e7, 0x0000, 0x0000, 0x0000, 0x0000, 0x0000, 
	0x0000, 0x0000, 0x0000, 0x0000, 0x0000, 0x0000, 0x0000, 0x0000, 0x0000, 0x0000, 0x0000, 0x0000, 0x0000, 0x0000, 0x0000, 0x0000, 
	0x0000, 0x0000, 0x0000, 0x0000, 0x0000, 0x0000, 0x0000, 0x0000, 0x0000, 0x0000, 0x0000, 0x0000, 0x0000, 0x0000, 0x0000, 0x0000, 
	0x0000, 0x0000, 0x0000, 0x0000, 0x0000, 0x0000, 0x0000, 0x0000, 0x0000, 0x0000, 0x0000, 0x0000, 0x0000, 0x0000, 0x0000, 0x0000, 
	0x0000, 0x0000, 0x0000, 0x0000, 0x0000, 0x0000, 0x0000, 0x0000, 0x0000, 0x0000, 0x0000, 0x0000, 0x0000, 0x10a1, 0x83ed, 0x838c, 
	0x730a, 0x6ae9, 0x6268, 0x5206, 0x5a47, 0x51e6, 0x3943, 0x49a4, 0x51e5, 0x5a06, 0x51e5, 0x51e5, 0x51c4, 0x51a4, 0x51c5, 0x51a5, 
	0x59c5, 0x59c5, 0x59c5, 0x59c5, 0x59e5, 0x59e5, 0x61e5, 0x61e5, 0x61c5, 0x59a4, 0x5983, 0x5143, 0x5122, 0x5122, 0x4902, 0x4902, 
	0x5142, 0x5983, 0x59a4, 0x61c4, 0x61e4, 0x61e4, 0x6205, 0x6a46, 0x7aa7, 0x82e8, 0x8b29, 0x9b6b, 0x9bab, 0x9bab, 0x9b8b, 0x934a, 
	0x8ae8, 0x82a8, 0x7266, 0x7226, 0x61e5, 0x61c4, 0x61c4, 0x61c4, 0x61c4, 0x61a4, 0x5983, 0x5163, 0x5122, 0x4902, 0x5123, 0x5143, 
	0x5163, 0x5984, 0x5984, 0x59a4, 0x5984, 0x59a5, 0x59a5, 0x59c5, 0x59e5, 0x59e5, 0x6205, 0x61e5, 0x6226, 0x6a67, 0x7ac8, 0x7ac9, 
	0x6a46, 0x6a26, 0x6a46, 0x6a26, 0x6a26, 0x6a67, 0x7ac8, 0x8309, 0x938b, 0xac4e, 0x5a48, 0x0000, 0x0000, 0x0000, 0x0000, 0x0000, 
	0x0000, 0x0000, 0x0000, 0x0000, 0x0000, 0x0000, 0x0000, 0x0000, 0x0000, 0x0000, 0x0000, 0x0000, 0x0000, 0x0000, 0x0000, 0x0000, 
	0x0000, 0x0000, 0x0000, 0x0000, 0x0000, 0x0000, 0x0000, 0x0000, 0x0000, 0x0000, 0x0000, 0x0000, 0x0000, 0x0000, 0x0000, 0x0000, 
	0x0000, 0x0000, 0x0000, 0x0000, 0x0000, 0x0000, 0x0000, 0x0000, 0x0000, 0x0000, 0x0000, 0x0000, 0x0000, 0x0000, 0x0000, 0x0000, 
	0x0000, 0x0000, 0x0000, 0x0000, 0x0000, 0x0000, 0x0000, 0x0000, 0x0000, 0x0000, 0x0000, 0x0000, 0x0000, 0x4a28, 0x83cd, 0x7b6b, 
	0x6b0a, 0x6ac9, 0x5a67, 0x5206, 0x5a47, 0x49c5, 0x3943, 0x49c4, 0x5a05, 0x5a05, 0x5a05, 0x51c5, 0x51a4, 0x51a4, 0x51c5, 0x5184, 
	0x4963, 0x4964, 0x4943, 0x3902, 0x38e2, 0x3902, 0x3902, 0x3902, 0x3902, 0x4123, 0x4143, 0x4922, 0x4922, 0x48e1, 0x4902, 0x4902, 
	0x4922, 0x5143, 0x59a4, 0x61c4, 0x61e4, 0x61e4, 0x61e5, 0x6a26, 0x7a88, 0x82e8, 0x8b29, 0x9b6a, 0xa38b, 0xa38b, 0x9b6b, 0x934a, 
	0x8ae9, 0x7aa7, 0x7266, 0x6a05, 0x61e5, 0x59c4, 0x61c4, 0x61c4, 0x61c4, 0x5984, 0x5142, 0x5122, 0x5122, 0x5122, 0x5122, 0x4923, 
	0x4123, 0x3902, 0x30c1, 0x30c1, 0x2880, 0x2881, 0x2880, 0x28a1, 0x3902, 0x4143, 0x4963, 0x51a4, 0x59c5, 0x6206, 0x6a67, 0x7ac8, 
	0x72a8, 0x6a46, 0x6a26, 0x6a26, 0x6a26, 0x7267, 0x7ac8, 0x8b29, 0x93ab, 0xb48f, 0x6a89, 0x0000, 0x0000, 0x0000, 0x0000, 0x0000, 
	0x0000, 0x0000, 0x0000, 0x0000, 0x0000, 0x0000, 0x0000, 0x0000, 0x0000, 0x0000, 0x0000, 0x0000, 0x0000, 0x0000, 0x0000, 0x0000, 
	0x0000, 0x0000, 0x0000, 0x0000, 0x0000, 0x0000, 0x0000, 0x0000, 0x0000, 0x0000, 0x0000, 0x0000, 0x0000, 0x0000, 0x0000, 0x0000, 
	0x0000, 0x0000, 0x0000, 0x0000, 0x0000, 0x0000, 0x0000, 0x0000, 0x0000, 0x0000, 0x0000, 0x0000, 0x0000, 0x0000, 0x0000, 0x0000, 
	0x0000, 0x0000, 0x0000, 0x0000, 0x0000, 0x0000, 0x0000, 0x0000, 0x0000, 0x0000, 0x0000, 0x0000, 0x0000, 0x7b8d, 0x83ac, 0x7b4b, 
	0x730a, 0x6aa8, 0x5a67, 0x5206, 0x5a27, 0x41a4, 0x3943, 0x5205, 0x5a26, 0x5a06, 0x59e5, 0x51a4, 0x5184, 0x4984, 0x4984, 0x3902, 
	0x28a1, 0x2081, 0x2040, 0x1840, 0x1020, 0x1020, 0x1020, 0x0800, 0x1020, 0x1040, 0x1040, 0x2060, 0x30a1, 0x38c1, 0x40c1, 0x4902, 
	0x4902, 0x4922, 0x5984, 0x61c5, 0x61e5, 0x61e5, 0x61e5, 0x6a26, 0x7a88, 0x82e8, 0x8b09, 0x9b6b, 0xa38b, 0xa38b, 0x9b6b, 0x934a, 
	0x8ae9, 0x82a8, 0x7266, 0x6a05, 0x61e5, 0x59c4, 0x61c4, 0x61c4, 0x59a4, 0x5143, 0x4922, 0x4922, 0x4922, 0x4102, 0x38e2, 0x28c1, 
	0x2060, 0x1040, 0x0820, 0x0820, 0x0820, 0x0800, 0x1040, 0x1040, 0x1841, 0x28a1, 0x28a1, 0x30c2, 0x3902, 0x4943, 0x51a4, 0x59e5, 
	0x6205, 0x6a46, 0x6226, 0x6a26, 0x6a26, 0x7267, 0x7ac8, 0x8b29, 0x9b8b, 0xac4e, 0x6a89, 0x0000, 0x0000, 0x0000, 0x0000, 0x0000, 
	0x0000, 0x0000, 0x0000, 0x0000, 0x0000, 0x0000, 0x0000, 0x0000, 0x0000, 0x0000, 0x0000, 0x0000, 0x0000, 0x0000, 0x0000, 0x0000, 
	0x0000, 0x0000, 0x0000, 0x0000, 0x0000, 0x0000, 0x0000, 0x0000, 0x0000, 0x0000, 0x0000, 0x0000, 0x0000, 0x0000, 0x0000, 0x0000, 
	0x0000, 0x0000, 0x0000, 0x0000, 0x0000, 0x0000, 0x0000, 0x0000, 0x0000, 0x0000, 0x0000, 0x0000, 0x0000, 0x0000, 0x0000, 0x0000, 
	0x0000, 0x0000, 0x0000, 0x0000, 0x0000, 0x0000, 0x0000, 0x0000, 0x0000, 0x0000, 0x0000, 0x0000, 0x0000, 0x9470, 0x83ac, 0x732b, 
	0x6ae9, 0x6aa8, 0x5226, 0x5a26, 0x5206, 0x4183, 0x4163, 0x5a26, 0x5a26, 0x5a26, 0x59e5, 0x51a4, 0x4963, 0x3902, 0x30c1, 0x2040, 
	0x2040, 0x2040, 0x28a2, 0x20a2, 0x1040, 0x0820, 0x0820, 0x0000, 0x1061, 0x0040, 0x0820, 0x1020, 0x2061, 0x38c1, 0x38c1, 0x40e2, 
	0x4922, 0x5163, 0x5983, 0x61e5, 0x61e5, 0x61e5, 0x61e5, 0x6a26, 0x7a87, 0x82e9, 0x932a, 0x9b6b, 0xa38b, 0xa38b, 0x9b6b, 0x934a, 
	0x8b09, 0x82c8, 0x7267, 0x6a26, 0x61e4, 0x59c4, 0x61c4, 0x61c4, 0x5983, 0x5143, 0x4922, 0x40c1, 0x38a0, 0x30c1, 0x3902, 0x30e2, 
	0x1860, 0x1040, 0x0820, 0x0820, 0x20e3, 0x0000, 0x0820, 0x1861, 0x1840, 0x30c1, 0x4184, 0x4164, 0x30e2, 0x30a1, 0x38e2, 0x4143, 
	0x4942, 0x5183, 0x59e5, 0x6206, 0x6a26, 0x7287, 0x82e9, 0x8b4a, 0xa3ec, 0xbcaf, 0x6a69, 0x0000, 0x0000, 0x0000, 0x0000, 0x0000, 
	0x0000, 0x0000, 0x0000, 0x0000, 0x0000, 0x0000, 0x0000, 0x0000, 0x0000, 0x0000, 0x0000, 0x0000, 0x0000, 0x0000, 0x0000, 0x0000, 
	0x0000, 0x0000, 0x0000, 0x0000, 0x0000, 0x0000, 0x0000, 0x0000, 0x0000, 0x0000, 0x0000, 0x0000, 0x0000, 0x0000, 0x0000, 0x0000, 
	0x0000, 0x0000, 0x0000, 0x0000, 0x0000, 0x0000, 0x0000, 0x0000, 0x0000, 0x0000, 0x0000, 0x0000, 0x0000, 0x0000, 0x0000, 0x0000, 
	0x0000, 0x0000, 0x0000, 0x0000, 0x0000, 0x0000, 0x0000, 0x0000, 0x0000, 0x0000, 0x0000, 0x0000, 0x1000, 0x9c4f, 0x7b6b, 0x732b, 
	0x72e9, 0x6aa8, 0x5226, 0x5a47, 0x51e5, 0x4163, 0x4163, 0x6247, 0x6246, 0x6226, 0x59e5, 0x4984, 0x3902, 0x30a1, 0x2880, 0x2860, 
	0x2860, 0x2881, 0x38e2, 0x3123, 0x1040, 0x0820, 0x0820, 0x0020, 0x0020, 0x0020, 0x0840, 0x1020, 0x2061, 0x38c1, 0x3080, 0x3080, 
	0x38a1, 0x5983, 0x61c4, 0x61e5, 0x6205, 0x6205, 0x6205, 0x6a26, 0x7a87, 0x82e9, 0x930a, 0x9b6b, 0xa38b, 0xa38b, 0x9b6b, 0x934a, 
	0x8b09, 0x82c8, 0x7267, 0x6a26, 0x61e4, 0x59c4, 0x61c4, 0x61c4, 0x61c4, 0x5983, 0x4902, 0x3060, 0x3060, 0x38c1, 0x4144, 0x3944, 
	0x1840, 0x1040, 0x0820, 0x0820, 0x0820, 0x0820, 0x0820, 0x1882, 0x1840, 0x30e2, 0x4984, 0x4964, 0x38e2, 0x38c1, 0x4122, 0x4963, 
	0x4983, 0x51a4, 0x59e5, 0x6206, 0x6a46, 0x7aa8, 0x8309, 0x936b, 0xac2d, 0xc511, 0x6aa9, 0x0000, 0x0000, 0x0000, 0x0000, 0x0000, 
	0x0000, 0x0000, 0x0000, 0x0000, 0x0000, 0x0000, 0x0000, 0x0000, 0x0000, 0x0000, 0x0000, 0x0000, 0x0000, 0x0000, 0x0000, 0x0000, 
	0x0000, 0x0000, 0x0000, 0x0000, 0x0000, 0x0000, 0x0000, 0x0000, 0x0000, 0x0000, 0x0000, 0x0000, 0x0000, 0x0000, 0x0000, 0x0000, 
	0x0000, 0x0000, 0x0000, 0x0000, 0x0000, 0x0000, 0x0000, 0x0000, 0x0000, 0x0000, 0x0000, 0x0000, 0x0000, 0x0000, 0x0000, 0x0000, 
	0x0000, 0x0000, 0x0000, 0x0000, 0x0000, 0x0000, 0x0000, 0x0000, 0x0000, 0x0000, 0x0000, 0x0000, 0x2964, 0x8bee, 0x7b6b, 0x7b4b, 
	0x6ae9, 0x62a8, 0x5a26, 0x5a47, 0x49e5, 0x4183, 0x49a4, 0x6a67, 0x6247, 0x6226, 0x59e5, 0x51c4, 0x4963, 0x4102, 0x4122, 0x3902, 
	0x30c1, 0x30c2, 0x30c2, 0x38e2, 0x2061, 0x1020, 0x0820, 0x0800, 0x0800, 0x0820, 0x1040, 0x1820, 0x28a1, 0x30c1, 0x2860, 0x3060, 
	0x38a1, 0x59a3, 0x61e4, 0x6a05, 0x6a06, 0x6a06, 0x6a06, 0x6a26, 0x7a88, 0x82c9, 0x8b0a, 0x9b6a, 0xa38b, 0xa38b, 0x9b6b, 0x934a, 
	0x9309, 0x82c8, 0x7a67, 0x7226, 0x61e5, 0x59c4, 0x61c4, 0x61c4, 0x61c5, 0x59a4, 0x5123, 0x3881, 0x3060, 0x3061, 0x30a1, 0x30e2, 
	0x1840, 0x1040, 0x0820, 0x0820, 0x0020, 0x0020, 0x1041, 0x1881, 0x1861, 0x3102, 0x4122, 0x4122, 0x4123, 0x4963, 0x6206, 0x7ae9, 
	0x8309, 0x72a8, 0x72a8, 0x7287, 0x7287, 0x8b09, 0x9b8b, 0xa3ed, 0xb48f, 0xcd52, 0x72ea, 0x0000, 0x0000, 0x0000, 0x0000, 0x0000, 
	0x0000, 0x0000, 0x0000, 0x0000, 0x0000, 0x0000, 0x0000, 0x0000, 0x0000, 0x0000, 0x0000, 0x0000, 0x0000, 0x0000, 0x0000, 0x0000, 
	0x0000, 0x0000, 0x0000, 0x0000, 0x0000, 0x0000, 0x0000, 0x0000, 0x0000, 0x0000, 0x0000, 0x0000, 0x0000, 0x0000, 0x0000, 0x0000, 
	0x0000, 0x0000, 0x0000, 0x0000, 0x0000, 0x0000, 0x0000, 0x0000, 0x0000, 0x0000, 0x0000, 0x0000, 0x0000, 0x0000, 0x0000, 0x0000, 
	0x0000, 0x0000, 0x0000, 0x0000, 0x0000, 0x0000, 0x0000, 0x0000, 0x0000, 0x0000, 0x0000, 0x0000, 0x62ea, 0x83ac, 0x7b6b, 0x7b4b, 
	0x6ac9, 0x6288, 0x5a26, 0x5a47, 0x49e5, 0x4184, 0x51e5, 0x6a67, 0x6267, 0x6247, 0x6226, 0x6206, 0x59e5, 0x5184, 0x4964, 0x4943, 
	0x4103, 0x4103, 0x4103, 0x4103, 0x38e2, 0x2081, 0x1840, 0x1840, 0x1841, 0x2081, 0x38c1, 0x4903, 0x4923, 0x4922, 0x4922, 0x5163, 
	0x59a4, 0x61e5, 0x61e5, 0x6205, 0x6a26, 0x6a06, 0x6a06, 0x7226, 0x7a87, 0x82a8, 0x8b09, 0x9b6a, 0xa38b, 0xa38b, 0x9b8b, 0x9b4a, 
	0x930a, 0x8ac8, 0x7a87, 0x7246, 0x6205, 0x59c4, 0x61c4, 0x61c4, 0x61c5, 0x61c4, 0x61c4, 0x5163, 0x4943, 0x4922, 0x4922, 0x4122, 
	0x30e1, 0x28a1, 0x1040, 0x1020, 0x1020, 0x1020, 0x1840, 0x1840, 0x2080, 0x4122, 0x4943, 0x4963, 0x4963, 0x59a4, 0x7267, 0x8b4a, 
	0x8b0a, 0x8b09, 0x8309, 0x8b09, 0x8309, 0x934a, 0x9bcc, 0xb46f, 0xc4f0, 0xd572, 0x72ca, 0x0000, 0x0000, 0x0000, 0x0000, 0x0000, 
	0x0000, 0x0000, 0x0000, 0x0000, 0x0000, 0x0000, 0x0000, 0x0000, 0x0000, 0x0000, 0x0000, 0x0000, 0x0000, 0x0000, 0x0000, 0x0000, 
	0x0000, 0x0000, 0x0000, 0x0000, 0x0000, 0x0000, 0x0000, 0x0000, 0x0000, 0x0000, 0x0000, 0x0000, 0x0000, 0x0000, 0x0000, 0x0000, 
	0x0000, 0x0000, 0x0000, 0x0000, 0x0000, 0x2903, 0x5248, 0x5228, 0x4a27, 0x41e7, 0x20e3, 0x18a1, 0x18a1, 0x18a1, 0x18a1, 0x18a1, 
	0x18a1, 0x18a1, 0x18a1, 0x3185, 0x20e2, 0x18a2, 0x0000, 0x0000, 0x0000, 0x0000, 0x0000, 0x18c2, 0x8c0f, 0x83cd, 0x838b, 0x7b4b, 
	0x6ae9, 0x5a67, 0x5a26, 0x5a47, 0x49c5, 0x4184, 0x5a46, 0x6a87, 0x6a67, 0x6a67, 0x6a67, 0x6a47, 0x6226, 0x6206, 0x51c4, 0x4964, 
	0x4943, 0x4923, 0x4923, 0x4123, 0x4123, 0x4123, 0x4943, 0x4963, 0x5184, 0x5163, 0x5164, 0x5164, 0x4943, 0x4102, 0x4942, 0x59a4, 
	0x61e5, 0x61e5, 0x6205, 0x6205, 0x6a26, 0x6a26, 0x6a26, 0x7247, 0x7a67, 0x82a8, 0x8b0a, 0x9b6a, 0xa38b, 0xa38b, 0xa38b, 0x9b4a, 
	0x930a, 0x8ac9, 0x7a87, 0x7267, 0x6a26, 0x61e5, 0x61e5, 0x61c5, 0x61c4, 0x61c4, 0x61c4, 0x59c4, 0x5183, 0x5142, 0x5142, 0x5143, 
	0x5143, 0x4963, 0x4964, 0x4964, 0x4123, 0x4103, 0x4143, 0x4943, 0x4964, 0x5144, 0x5143, 0x5164, 0x59a4, 0x6205, 0x7ac9, 0x8b2a, 
	0x82e9, 0x8b09, 0x8b2a, 0x934a, 0x9b8b, 0xa3ec, 0xb44e, 0xbcd0, 0xd572, 0xe5d4, 0x7aea, 0x0000, 0x0000, 0x0000, 0x0000, 0x0000, 
	0x0000, 0x0000, 0x0000, 0x0000, 0x0000, 0x0000, 0x0000, 0x0000, 0x0000, 0x0000, 0x0000, 0x0000, 0x0000, 0x0000, 0x0000, 0x0000, 
	0x0000, 0x0000, 0x0000, 0x0000, 0x0000, 0x0000, 0x0000, 0x0000, 0x0000, 0x0000, 0x0000, 0x0000, 0x0000, 0x0000, 0x0000, 0x0000, 
	0x0000, 0x0000, 0x0000, 0x0000, 0x0000, 0x4a27, 0xacd1, 0xacb1, 0xacb1, 0xacb1, 0xacb1, 0xacd1, 0xacd1, 0xacd1, 0xacd1, 0xacd1, 
	0xacd1, 0xacd1, 0xacd1, 0xacd1, 0xa4b1, 0xacd1, 0x944f, 0x9c4f, 0x9c4f, 0x9c4f, 0x9c4f, 0xacd2, 0xacf1, 0xb511, 0xb511, 0xacf1, 
	0xacd0, 0xacd0, 0xa490, 0xa48f, 0x9c4f, 0x9c2e, 0x9c4e, 0x9c6e, 0x9c4e, 0x9c2e, 0x9c0d, 0x9c0d, 0x9bed, 0x8bac, 0x836b, 0x7b0a, 
	0x72c9, 0x6a88, 0x6267, 0x6226, 0x51a4, 0x4122, 0x4923, 0x4922, 0x4922, 0x4923, 0x4102, 0x40e1, 0x40e1, 0x5143, 0x5984, 0x61e5, 
	0x61e5, 0x6205, 0x6a05, 0x6a26, 0x6a26, 0x6a26, 0x7246, 0x7267, 0x7a67, 0x82a8, 0x930a, 0x9b6a, 0xab8c, 0xa38b, 0xa36b, 0x9b4b, 
	0x9b2a, 0x8ae9, 0x7aa7, 0x7267, 0x7246, 0x6a06, 0x61e5, 0x61e5, 0x61e5, 0x61e5, 0x59c4, 0x59c4, 0x59a4, 0x5163, 0x4922, 0x48e1, 
	0x4922, 0x5163, 0x5143, 0x5984, 0x5984, 0x5184, 0x5163, 0x5163, 0x5163, 0x5163, 0x61a4, 0x61c4, 0x61e5, 0x7226, 0x7a88, 0x82c8, 
	0x82c8, 0x8b09, 0x9b6b, 0xa3cc, 0xb44e, 0xbcaf, 0xbccf, 0xcd11, 0xdd72, 0xee36, 0x72ea, 0x0000, 0x0000, 0x0000, 0x0000, 0x0000, 
	0x0000, 0x0000, 0x0000, 0x0000, 0x0000, 0x0000, 0x0000, 0x0000, 0x0000, 0x0000, 0x0000, 0x0000, 0x0000, 0x0000, 0x0000, 0x0000, 
	0x0000, 0x0000, 0x0000, 0x0000, 0x0000, 0x0000, 0x0000, 0x0000, 0x0000, 0x0000, 0x0000, 0x0000, 0x0000, 0x0000, 0x0000, 0x0000, 
	0x0000, 0x0000, 0x0000, 0x0000, 0x0000, 0x4a27, 0xacd1, 0xacd1, 0xacb0, 0xb4d1, 0xacd0, 0xacd1, 0xb4d1, 0xb4d1, 0xacf1, 0xacf1, 
	0xb4d1, 0xb4d1, 0xacd1, 0xb4f1, 0xb4f1, 0xb4f1, 0xb4f1, 0xb4f1, 0xb511, 0xb511, 0xb511, 0xb511, 0xb512, 0xb512, 0xbd32, 0xbd32, 
	0xbd32, 0xbd32, 0xbd32, 0xbd32, 0xbd52, 0xbd52, 0xbd52, 0xbd52, 0xbd52, 0xbd52, 0xbd52, 0xbd52, 0xbd52, 0xbd52, 0xc573, 0xbd73, 
	0xc573, 0xc573, 0xc553, 0xc573, 0xac70, 0x4102, 0x4102, 0x40e1, 0x40e1, 0x40c1, 0x40e1, 0x5143, 0x5984, 0x61c5, 0x61e5, 0x6a06, 
	0x6a26, 0x6a26, 0x7247, 0x7247, 0x7246, 0x7246, 0x7247, 0x7267, 0x7a67, 0x82a8, 0x930a, 0xa38b, 0xab8c, 0xab8c, 0xa38b, 0xa36b, 
	0x9b4a, 0x932a, 0x82c8, 0x7a87, 0x7267, 0x7226, 0x6a06, 0x6205, 0x61e5, 0x61e5, 0x61e5, 0x61c5, 0x59c4, 0x61a4, 0x5984, 0x5143, 
	0x48e1, 0x4922, 0x4922, 0x5143, 0x5163, 0x5163, 0x5163, 0x5963, 0x5983, 0x61a4, 0x61c4, 0x61e5, 0x61e5, 0x6a06, 0x7247, 0x7267, 
	0x82c8, 0x932a, 0xa3ac, 0xb42d, 0xc4af, 0xd531, 0xddb3, 0xddb3, 0xee15, 0xf676, 0x7b4c, 0x0000, 0x0000, 0x0000, 0x0000, 0x0000, 
	0x0000, 0x0000, 0x0000, 0x0000, 0x0000, 0x0000, 0x0000, 0x0000, 0x0000, 0x0000, 0x0000, 0x0000, 0x0000, 0x0000, 0x0000, 0x0000, 
	0x0000, 0x0000, 0x0000, 0x0000, 0x0000, 0x0000, 0x0000, 0x0000, 0x0000, 0x0000, 0x0000, 0x0000, 0x0000, 0x0000, 0x0000, 0x0000, 
	0x0000, 0x0000, 0x0000, 0x0000, 0x0000, 0x5268, 0xacd1, 0xacd1, 0xacd0, 0xacd0, 0xacd1, 0xacd1, 0xb4d1, 0xb4d1, 0xacf1, 0xacf1, 
	0xb4f1, 0xb4f1, 0xb4f1, 0xb4f1, 0xb4f1, 0xb4f1, 0xb4f1, 0xb4f2, 0xb511, 0xb512, 0xb512, 0xb512, 0xbd32, 0xbd32, 0xbd32, 0xbd32, 
	0xbd32, 0xbd32, 0xbd32, 0xbd32, 0xbd52, 0xbd52, 0xbd53, 0xbd53, 0xbd53, 0xbd53, 0xbd53, 0xbd53, 0xbd53, 0xbd53, 0xc573, 0xc553, 
	0xc573, 0xc573, 0xc573, 0xc573, 0xa44f, 0x4923, 0x4943, 0x5143, 0x5163, 0x5984, 0x61c5, 0x61e5, 0x61e5, 0x69e5, 0x6a26, 0x7247, 
	0x7267, 0x7a67, 0x7267, 0x7247, 0x7246, 0x7246, 0x7267, 0x7267, 0x7a87, 0x82a9, 0x932a, 0x9b8b, 0xab8c, 0xab8c, 0xab8c, 0xa38b, 
	0xa38c, 0x934b, 0x8ae9, 0x7a87, 0x7267, 0x7247, 0x7246, 0x6a26, 0x6a26, 0x6a26, 0x6a26, 0x6a06, 0x69e5, 0x69e5, 0x61c5, 0x61a4, 
	0x59a4, 0x5963, 0x5143, 0x4902, 0x4922, 0x5142, 0x5163, 0x5963, 0x5983, 0x59a4, 0x61c4, 0x61a4, 0x59a4, 0x61e4, 0x7226, 0x7aa8, 
	0x8b09, 0x9b6a, 0xabec, 0xbc6e, 0xcd11, 0xdd92, 0xee35, 0xee55, 0xf696, 0xfed8, 0x836d, 0x0000, 0x0000, 0x0000, 0x0000, 0x0000, 
	0x0000, 0x0000, 0x0000, 0x0000, 0x0000, 0x0000, 0x0000, 0x0000, 0x0000, 0x0000, 0x0000, 0x0000, 0x0000, 0x0000, 0x0000, 0x0000, 
	0x0000, 0x0000, 0x0000, 0x0000, 0x0000, 0x0000, 0x0000, 0x0000, 0x0000, 0x0000, 0x0000, 0x0000, 0x0000, 0x0000, 0x0000, 0x0000, 
	0x0000, 0x0000, 0x0000, 0x0000, 0x0000, 0x5248, 0xacd0, 0xacd0, 0xacd0, 0xacd0, 0xb4d1, 0xb4d1, 0xacf0, 0xacf0, 0xb4f1, 0xb4f1, 
	0xb4f1, 0xb4f1, 0xb4f1, 0xb4f1, 0xb4f1, 0xb4f1, 0xb4f1, 0xb511, 0xb512, 0xbd32, 0xbd32, 0xbd32, 0xbd32, 0xbd32, 0xbd32, 0xbd32, 
	0xbd32, 0xbd32, 0xbd52, 0xbd52, 0xbd52, 0xbd53, 0xbd53, 0xbd53, 0xbd53, 0xbd53, 0xbd53, 0xbd53, 0xc573, 0xc553, 0xc573, 0xc573, 
	0xc573, 0xc573, 0xc573, 0xc573, 0xac6f, 0x61e5, 0x6a26, 0x6a26, 0x6a26, 0x6a26, 0x6a26, 0x7226, 0x7247, 0x7267, 0x7a87, 0x7aa8, 
	0x7aa8, 0x7a88, 0x7a87, 0x7267, 0x7247, 0x7267, 0x7a67, 0x7a67, 0x7a88, 0x82a8, 0x930a, 0x9b6b, 0xa38b, 0xab8c, 0xa38c, 0xa38c, 
	0xa3ac, 0xa3ec, 0x932a, 0x82c8, 0x7a87, 0x7267, 0x7247, 0x7246, 0x7246, 0x6a46, 0x6a46, 0x7247, 0x7246, 0x7246, 0x7246, 0x6a06, 
	0x69e5, 0x6a05, 0x6a05, 0x61e5, 0x61e5, 0x61a4, 0x5983, 0x5963, 0x5984, 0x59a3, 0x61a3, 0x7225, 0x7a66, 0x82c8, 0x8b09, 0x934a, 
	0x9b6a, 0xa3cc, 0xb40d, 0xc48f, 0xd551, 0xe5d4, 0xf676, 0xfef7, 0xfef8, 0xff18, 0x7b6d, 0x0000, 0x0000, 0x0000, 0x0000, 0x0000, 
	0x0000, 0x0000, 0x0000, 0x0000, 0x0000, 0x0000, 0x0000, 0x0000, 0x0000, 0x0000, 0x0000, 0x0000, 0x0000, 0x0000, 0x0000, 0x0000, 
	0x0000, 0x0000, 0x0000, 0x0000, 0x0000, 0x0000, 0x0000, 0x0000, 0x0000, 0x0000, 0x0000, 0x0000, 0x0000, 0x0000, 0x0000, 0x0000, 
	0x0000, 0x0000, 0x0000, 0x0000, 0x0000, 0x5248, 0xacd0, 0xacd0, 0xacd0, 0xacd1, 0xb4d1, 0xb4d1, 0xb4f1, 0xb4f1, 0xb4f1, 0xb4f1, 
	0xb4f1, 0xb4f1, 0xb4f1, 0xb4f1, 0xb4f1, 0xb4f1, 0xb511, 0xb511, 0xb512, 0xbd32, 0xbd32, 0xbd32, 0xbd32, 0xbd32, 0xbd32, 0xbd32, 
	0xbd32, 0xbd32, 0xbd52, 0xbd52, 0xbd52, 0xbd53, 0xbd53, 0xbd53, 0xbd53, 0xbd53, 0xbd53, 0xc573, 0xc573, 0xc573, 0xc573, 0xc573, 
	0xc573, 0xc573, 0xc573, 0xc573, 0xac6f, 0x7a67, 0x7267, 0x7a68, 0x7a87, 0x7a87, 0x7a87, 0x7a87, 0x7aa8, 0x82a8, 0x82e9, 0x82c8, 
	0x82c8, 0x7aa8, 0x7a88, 0x7a87, 0x7267, 0x7a87, 0x7a67, 0x7a67, 0x7aa8, 0x82a8, 0x9309, 0x9b6a, 0xa38b, 0xa38b, 0xa38b, 0xa38b, 
	0xabcc, 0xac0d, 0x9bac, 0x8b0a, 0x7aa8, 0x7a88, 0x7267, 0x7247, 0x7246, 0x7246, 0x7247, 0x7267, 0x7267, 0x7267, 0x7267, 0x7267, 
	0x7a67, 0x7a67, 0x7247, 0x7267, 0x7267, 0x7267, 0x7a67, 0x7a67, 0x7a67, 0x82a8, 0x8aa8, 0x92e8, 0x92e9, 0x9309, 0x9b4a, 0xa36b, 
	0xa38b, 0xb3ed, 0xbc4e, 0xccd0, 0xdd93, 0xee35, 0xee35, 0xfef8, 0xff18, 0xff39, 0x7b6d, 0x0000, 0x0000, 0x0000, 0x0000, 0x0000, 
	0x0000, 0x0000, 0x0000, 0x0000, 0x0000, 0x0000, 0x0000, 0x0000, 0x0000, 0x0000, 0x0000, 0x0000, 0x0000, 0x0000, 0x0000, 0x0000, 
	0x0000, 0x0000, 0x0000, 0x0000, 0x0000, 0x0000, 0x0000, 0x0000, 0x0000, 0x0000, 0x0000, 0x0000, 0x0000, 0x0000, 0x0000, 0x0000, 
	0x0000, 0x0000, 0x0000, 0x0000, 0x0000, 0x5248, 0xacd0, 0xacd0, 0xb4d1, 0xb4d1, 0xb4d1, 0xb4d1, 0xb4f1, 0xb4f1, 0xb4f1, 0xb4f1, 
	0xb4f1, 0xb4f1, 0xb4f1, 0xb511, 0xb511, 0xb511, 0xb511, 0xb512, 0xb512, 0xbd32, 0xbd32, 0xbd32, 0xbd32, 0xbd32, 0xbd32, 0xbd32, 
	0xbd52, 0xbd52, 0xbd52, 0xbd52, 0xbd52, 0xc552, 0xbd53, 0xc573, 0xc553, 0xc573, 0xc573, 0xc573, 0xc573, 0xc573, 0xc573, 0xc573, 
	0xc593, 0xc593, 0xc593, 0xc593, 0xa44f, 0x7a88, 0x7a88, 0x7aa8, 0x7aa8, 0x7aa8, 0x82a8, 0x82c8, 0x82c9, 0x8ae9, 0x8ae9, 0x82e9, 
	0x82c9, 0x82a8, 0x7aa8, 0x7a87, 0x7a67, 0x7a67, 0x7a67, 0x7a88, 0x82a8, 0x82a8, 0x9309, 0x9b2a, 0xa36b, 0xa36b, 0xa38b, 0xabac, 
	0xb40d, 0xb46f, 0xac0e, 0x9b6b, 0x8ae9, 0x82a8, 0x7aa8, 0x7a67, 0x7247, 0x7247, 0x7a67, 0x7a87, 0x7a87, 0x7a87, 0x7aa8, 0x8288, 
	0x7a88, 0x7a88, 0x7aa8, 0x7aa8, 0x82a7, 0x82a8, 0x8aa8, 0x8aa8, 0x8aa8, 0x8ac8, 0x8ae8, 0x9309, 0x9309, 0x9b4a, 0x9b4a, 0xa36b, 
	0xa38b, 0xb3ec, 0xbc4e, 0xccd0, 0xe593, 0xee35, 0xf676, 0xfef7, 0xff18, 0xff39, 0x7b6d, 0x0000, 0x0000, 0x0000, 0x0000, 0x0000, 
	0x0000, 0x0000, 0x0000, 0x0000, 0x0000, 0x0000, 0x0000, 0x0000, 0x0000, 0x0000, 0x0000, 0x0000, 0x0000, 0x0000, 0x0000, 0x0000, 
	0x0000, 0x0000, 0x0000, 0x0000, 0x0000, 0x0000, 0x0000, 0x0000, 0x0000, 0x0000, 0x0000, 0x0000, 0x0000, 0x0000, 0x0000, 0x0000, 
	0x0000, 0x0000, 0x0000, 0x0000, 0x0000, 0x5248, 0xb4d0, 0xacd0, 0xb4d1, 0xb4d1, 0xb4d1, 0xb4d1, 0xb4f1, 0xb4f1, 0xb4f1, 0xb4f1, 
	0xb4f1, 0xb4f1, 0xb4f1, 0xb4f1, 0xb511, 0xb511, 0xb511, 0xb512, 0xb512, 0xb512, 0xbd32, 0xbd32, 0xbd32, 0xbd32, 0xbd32, 0xbd32, 
	0xbd52, 0xbd52, 0xbd52, 0xbd52, 0xbd52, 0xc552, 0xbd53, 0xc573, 0xc553, 0xc573, 0xc573, 0xc573, 0xc573, 0xc573, 0xc573, 0xc573, 
	0xc593, 0xc593, 0xc593, 0xc593, 0xa40e, 0x82a8, 0x82a9, 0x82c8, 0x82c8, 0x82c8, 0x8ae9, 0x8ae9, 0x9309, 0x8b09, 0x8ae9, 0x8ae9, 
	0x82c9, 0x82c8, 0x7aa8, 0x7a88, 0x7a87, 0x7a88, 0x7a87, 0x7a88, 0x82a8, 0x82c9, 0x9309, 0x9b2a, 0xa36b, 0xa36b, 0xab8b, 0xabcc, 
	0xbc2e, 0xbcb0, 0xbc90, 0xa3cd, 0x934a, 0x8b0a, 0x8ae9, 0x7a88, 0x7a87, 0x7a67, 0x7a87, 0x7aa8, 0x82a8, 0x82c8, 0x82c8, 0x82c8, 
	0x82a8, 0x82a8, 0x82c8, 0x82c8, 0x82c8, 0x82c8, 0x8aa8, 0x8ac8, 0x8ac8, 0x8ae8, 0x92e9, 0x9309, 0x9309, 0x9b29, 0x9b4a, 0xa36b, 
	0xa38b, 0xabcc, 0xb42d, 0xccd0, 0xdd52, 0xedf4, 0xf676, 0xfed7, 0xfef8, 0xff19, 0x7b6d, 0x0000, 0x0000, 0x0000, 0x0000, 0x0000, 
	0x0000, 0x0000, 0x0000, 0x0000, 0x0000, 0x0000, 0x0000, 0x0000, 0x0000, 0x0000, 0x0000, 0x0000, 0x0000, 0x0000, 0x0000, 0x0000, 
	0x0000, 0x0000, 0x0000, 0x0000, 0x0000, 0x0000, 0x0000, 0x0000, 0x0000, 0x0000, 0x0000, 0x0000, 0x0000, 0x0000, 0x0000, 0x0000, 
	0x0000, 0x0000, 0x0000, 0x0000, 0x0000, 0x5248, 0xb4d0, 0xb4d0, 0xb4d1, 0xb4d1, 0xb4d1, 0xb4f1, 0xb4f1, 0xb4f1, 0xb4f1, 0xb4f1, 
	0xb4f1, 0xb4f1, 0xb4f1, 0xb4f1, 0xb511, 0xb511, 0xb511, 0xbd12, 0xbd12, 0xbd12, 0xbd12, 0xbd12, 0xbd32, 0xbd32, 0xbd32, 0xbd32, 
	0xbd32, 0xbd52, 0xbd52, 0xbd52, 0xbd52, 0xbd53, 0xc553, 0xc553, 0xc573, 0xc573, 0xc573, 0xc573, 0xc573, 0xc573, 0xc593, 0xc593, 
	0xc593, 0xc593, 0xc593, 0xc593, 0xa40d, 0x8ac9, 0x8ae9, 0x8ac9, 0x8ae8, 0x8ac8, 0x8b09, 0x932a, 0x932a, 0x9309, 0x8b09, 0x8ae9, 
	0x82e9, 0x82c8, 0x82a8, 0x7aa8, 0x7a88, 0x7a88, 0x7a87, 0x7a87, 0x82a8, 0x8ac8, 0x930a, 0x9b2a, 0xa36b, 0xa36b, 0xab8b, 0xb3cc, 
	0xbc4e, 0xccf1, 0xc4f1, 0xb44e, 0xa3ac, 0x9b6b, 0x932a, 0x8b0a, 0x7a88, 0x7a87, 0x7a87, 0x82a8, 0x82c8, 0x82c8, 0x8ae8, 0x8ae9, 
	0x8ae8, 0x8ae8, 0x8ae8, 0x8ac8, 0x8ac8, 0x8ac8, 0x8ac9, 0x8ae8, 0x92e8, 0x92e8, 0x9308, 0x9309, 0x9b09, 0x9b2a, 0xa34a, 0xa36a, 
	0xab8b, 0xb3ec, 0xb3ed, 0xc46e, 0xcd11, 0xe5b3, 0xf676, 0xf6b7, 0xfef8, 0xff18, 0x7b6d, 0x0000, 0x0000, 0x0000, 0x0000, 0x0000, 
	0x0000, 0x0000, 0x0000, 0x0000, 0x0000, 0x0000, 0x0000, 0x0000, 0x0000, 0x0000, 0x0000, 0x0000, 0x0000, 0x0000, 0x0000, 0x0000, 
	0x0000, 0x0000, 0x0000, 0x0000, 0x0000, 0x0000, 0x0000, 0x0000, 0x0000, 0x0000, 0x0000, 0x0000, 0x0000, 0x0000, 0x0000, 0x0000, 
	0x0000, 0x0000, 0x0000, 0x0000, 0x0000, 0x5248, 0xb4d0, 0xb4d0, 0xb4d1, 0xb4d1, 0xb4d1, 0xb4f1, 0xb4f1, 0xb4f1, 0xb4f1, 0xb4f1, 
	0xb4f1, 0xb4f1, 0xb4f1, 0xb511, 0xb511, 0xb511, 0xb511, 0xbd12, 0xbd12, 0xbd12, 0xbd12, 0xbd32, 0xbd32, 0xbd32, 0xbd32, 0xbd32, 
	0xbd32, 0xbd52, 0xbd52, 0xbd52, 0xbd52, 0xbd53, 0xc553, 0xc553, 0xc573, 0xc573, 0xc573, 0xc573, 0xc573, 0xc573, 0xc573, 0xc573, 
	0xc593, 0xc593, 0xc593, 0xc593, 0xa40d, 0x8ae9, 0x8ae9, 0x8ae9, 0x8b09, 0x9309, 0x9309, 0x932a, 0x930a, 0x932a, 0x8b09, 0x8ae9, 
	0x82c8, 0x82a8, 0x82a8, 0x7aa8, 0x7aa8, 0x7aa8, 0x7a87, 0x7a87, 0x82a8, 0x8ac8, 0x930a, 0xa34a, 0xa36b, 0xab8b, 0xabac, 0xb3ec, 
	0xc46f, 0xd552, 0xd532, 0xc4d0, 0xac2e, 0xa3cd, 0x9b8c, 0x9b6b, 0x8ae9, 0x82c8, 0x82a8, 0x82a8, 0x82c8, 0x8ae9, 0x8ae9, 0x9309, 
	0x9309, 0x9309, 0x9309, 0x92e9, 0x92e9, 0x92e9, 0x92e9, 0x92e8, 0x92e8, 0x92e8, 0x92e8, 0x9308, 0x9b2a, 0x9b2a, 0xa34a, 0xa36a, 
	0xa38b, 0xb3ec, 0xbc2d, 0xbc4e, 0xccf0, 0xdd52, 0xee15, 0xf697, 0xfed8, 0xfef8, 0x7b6c, 0x0000, 0x0000, 0x0000, 0x0000, 0x0000, 
	0x0000, 0x0000, 0x0000, 0x0000, 0x0000, 0x0000, 0x0000, 0x0000, 0x0000, 0x0000, 0x0000, 0x0000, 0x0000, 0x0000, 0x0000, 0x0000, 
	0x0000, 0x0000, 0x0000, 0x0000, 0x0000, 0x0000, 0x0000, 0x0000, 0x0000, 0x0000, 0x0000, 0x0000, 0x0000, 0x0000, 0x0000, 0x0000, 
	0x0000, 0x0000, 0x0000, 0x0000, 0x0000, 0x5a68, 0xb4d1, 0xb4d0, 0xb4d1, 0xb4f1, 0xb4f1, 0xb4f1, 0xb4f1, 0xb4f1, 0xb4f1, 0xb4f1, 
	0xb4f1, 0xb4f1, 0xb511, 0xb511, 0xb511, 0xbd12, 0xbd12, 0xbd12, 0xbd12, 0xbd32, 0xbd32, 0xbd32, 0xbd32, 0xbd32, 0xbd32, 0xbd32, 
	0xbd32, 0xbd32, 0xbd52, 0xbd52, 0xbd52, 0xc553, 0xc553, 0xc573, 0xc573, 0xc573, 0xc573, 0xc573, 0xc573, 0xc573, 0xc573, 0xc573, 
	0xc593, 0xc593, 0xc593, 0xc593, 0xa3ed, 0x9309, 0x92e9, 0x930a, 0x930a, 0x930a, 0x930a, 0x930a, 0x9309, 0x930a, 0x9309, 0x8ae9, 
	0x82a8, 0x82a8, 0x82a8, 0x82a8, 0x7aa8, 0x7a88, 0x7a87, 0x7a87, 0x82a8, 0x8ac8, 0x930a, 0xa34a, 0xa36b, 0xab8b, 0xabab, 0xb3cc, 
	0xc46e, 0xd553, 0xdd94, 0xd552, 0xc4b0, 0xb44f, 0xa3cc, 0xa3ac, 0x9b6b, 0x8ae9, 0x82c9, 0x8ac8, 0x8ac8, 0x8ae8, 0x92e9, 0x9309, 
	0x9309, 0x9309, 0x9309, 0x9309, 0x9309, 0x9309, 0x9309, 0x9309, 0x9309, 0x9309, 0x9b09, 0x9b09, 0x9b29, 0x9b2a, 0xa34a, 0xa36b, 
	0xab8b, 0xabac, 0xbc2d, 0xbc4e, 0xccf0, 0xd532, 0xe5d4, 0xf656, 0xf696, 0xfed7, 0x7b4c, 0x0000, 0x0000, 0x0000, 0x0000, 0x0000, 
	0x0000, 0x0000, 0x0000, 0x0000, 0x0000, 0x0000, 0x0000, 0x0000, 0x0000, 0x0000, 0x0000, 0x0000, 0x0000, 0x0000, 0x0000, 0x0000, 
	0x0000, 0x0000, 0x0000, 0x0000, 0x0000, 0x0000, 0x0000, 0x0000, 0x0000, 0x0000, 0x0000, 0x0000, 0x0000, 0x0000, 0x0000, 0x0000, 
	0x0000, 0x0000, 0x0000, 0x0000, 0x0000, 0x5a68, 0xb4d1, 0xb4d0, 0xb4f1, 0xb4f1, 0xb4f1, 0xb4f1, 0xb4f1, 0xb4f1, 0xb4f1, 0xb4f1, 
	0xb511, 0xb511, 0xb511, 0xb511, 0xb511, 0xbd12, 0xbd12, 0xbd12, 0xbd12, 0xbd32, 0xbd32, 0xbd32, 0xbd32, 0xbd12, 0xbcf1, 0xbcf2, 
	0xbcf2, 0xbd12, 0xbd12, 0xc552, 0xc553, 0xc553, 0xc573, 0xc573, 0xc573, 0xc553, 0xbd12, 0xc573, 0xc573, 0xc573, 0xc593, 0xc593, 
	0xc593, 0xc593, 0xc593, 0xc593, 0xa3ed, 0x930a, 0x930a, 0x930a, 0x932a, 0x932a, 0x930a, 0x930a, 0x9309, 0x92e9, 0x9309, 0x8ae9, 
	0x8ac8, 0x82a8, 0x82a8, 0x82a8, 0x7aa8, 0x7a88, 0x7a87, 0x7a87, 0x82a8, 0x8ac8, 0x9b09, 0xa32a, 0xa36b, 0xab6b, 0xab8b, 0xb3cc, 
	0xc44e, 0xd532, 0xe5b4, 0xdd94, 0xd532, 0xc4d1, 0xb44e, 0xa3cc, 0xa3ac, 0x9b8b, 0x932a, 0x8ae9, 0x8ae9, 0x8ae8, 0x92e9, 0x9309, 
	0x9309, 0x9329, 0x9b09, 0x9b29, 0x9b29, 0x9b29, 0x9b29, 0x9b4a, 0x9b2a, 0x9b4a, 0x9b2a, 0x9b2a, 0x9b4a, 0x9b4a, 0xa34a, 0xa36b, 
	0xabac, 0xb3ed, 0xbc2d, 0xbc4e, 0xccd0, 0xdd52, 0xe5b4, 0xee15, 0xfe97, 0xfed8, 0x7b4c, 0x0000, 0x0000, 0x0000, 0x0000, 0x0000, 
	0x0000, 0x0000, 0x0000, 0x0000, 0x0000, 0x0000, 0x0000, 0x0000, 0x0000, 0x0000, 0x0000, 0x0000, 0x0000, 0x0000, 0x0000, 0x0000, 
	0x0000, 0x0000, 0x0000, 0x0000, 0x0000, 0x0000, 0x0000, 0x0000, 0x0000, 0x0000, 0x0000, 0x0000, 0x0000, 0x0000, 0x0000, 0x0000, 
	0x0000, 0x0000, 0x0000, 0x0000, 0x0000, 0x5268, 0xb4f1, 0xb4f1, 0xb4f1, 0xb4f1, 0xb4f1, 0xb4f1, 0xb4f1, 0xb4f1, 0xb4f1, 0xb4f1, 
	0xb511, 0xb511, 0xb511, 0xb511, 0xb511, 0xbd12, 0xbd12, 0xbd12, 0xbd12, 0xbd32, 0xbd32, 0xbd32, 0xbd32, 0x8b6c, 0x9b4d, 0x8aab, 
	0x92ec, 0x932d, 0x934c, 0xc532, 0xbd52, 0xc553, 0xc573, 0xc573, 0xc573, 0xb512, 0x940e, 0xc553, 0xc573, 0xc573, 0xc593, 0xc593, 
	0xc593, 0xc593, 0xc593, 0xc593, 0x9bcc, 0x930a, 0x9b0a, 0x9b0a, 0x9b09, 0x9b09, 0x9b09, 0x9b09, 0x9309, 0x9309, 0x92e9, 0x8ae9, 
	0x8ac8, 0x82a8, 0x8288, 0x8288, 0x7a88, 0x7a88, 0x7a87, 0x8287, 0x8aa8, 0x8ac8, 0x9b29, 0xa32a, 0xa34a, 0xab6b, 0xb38b, 0xb3cc, 
	0xc44e, 0xd511, 0xe5b4, 0xe5d4, 0xdd94, 0xd552, 0xc4b0, 0xac0d, 0xa3cc, 0xa38b, 0x9b6b, 0x9b2a, 0x9309, 0x92e9, 0x92e9, 0x92e9, 
	0x9b09, 0x9b29, 0x9b09, 0x9b2a, 0x9b29, 0x9b29, 0x9b4a, 0x9b4a, 0x9b2a, 0xa34a, 0x9b4a, 0x9b4a, 0xa34a, 0xa34a, 0xa34a, 0xa36b, 
	0xabcc, 0xb40d, 0xb42d, 0xbc4e, 0xc48f, 0xd511, 0xdd93, 0xe5d4, 0xee35, 0xfe97, 0x7b4b, 0x0000, 0x0000, 0x0000, 0x0000, 0x0000, 
	0x0000, 0x0000, 0x0000, 0x0000, 0x0000, 0x0000, 0x0000, 0x0000, 0x0000, 0x0000, 0x0000, 0x0000, 0x0000, 0x0000, 0x0000, 0x0000, 
	0x0000, 0x0000, 0x0000, 0x0000, 0x0000, 0x0000, 0x0000, 0x0000, 0x0000, 0x0000, 0x0000, 0x0000, 0x0000, 0x0000, 0x0000, 0x0000, 
	0x0000, 0x0000, 0x0000, 0x0000, 0x0000, 0x5267, 0xb4f1, 0xb4d1, 0xb4f1, 0xb4f1, 0xb4f1, 0xb511, 0xb511, 0xb511, 0xb511, 0xb511, 
	0xb511, 0xb511, 0xb511, 0xb511, 0xb511, 0xbd12, 0xbd12, 0xbd12, 0xbd12, 0xbd32, 0xbd32, 0xbd32, 0xbd32, 0x9bee, 0xa3ce, 0x8b2c, 
	0x934c, 0x938d, 0x9bad, 0xc532, 0xc553, 0xc553, 0xc573, 0xc573, 0xc573, 0xb512, 0xa470, 0xbd52, 0xc573, 0xc593, 0xc593, 0xc593, 
	0xc593, 0xc593, 0xc593, 0xcd93, 0xa3ac, 0x9b0a, 0x9b0a, 0x9b0a, 0x9b09, 0x9b09, 0x9b09, 0x9b09, 0x9309, 0x92e9, 0x92e9, 0x8ae9, 
	0x8ac8, 0x82a8, 0x8288, 0x8288, 0x7a87, 0x7a88, 0x7a87, 0x82a8, 0x8ac8, 0x92e8, 0x9b0a, 0xa32a, 0xab4a, 0xab4a, 0xb38b, 0xbbcc, 
	0xc42e, 0xd4f1, 0xdd72, 0xe5d4, 0xe5d4, 0xdd93, 0xd532, 0xbc4e, 0xabed, 0xa3ac, 0x9b6b, 0x9b4a, 0x9309, 0x92e9, 0x92e9, 0x92e9, 
	0x9309, 0x9b09, 0x9b09, 0x9b09, 0x9b29, 0x9b2a, 0xa34a, 0xa34a, 0xa34a, 0xa34a, 0xa34a, 0xa36a, 0xa34a, 0xa36b, 0xab8b, 0xabac, 
	0xb3ed, 0xb40d, 0xbc2d, 0xbc6e, 0xc48f, 0xccf0, 0xdd52, 0xe5d3, 0xee15, 0xfe76, 0x7b2b, 0x0000, 0x0000, 0x0000, 0x0000, 0x0000, 
	0x0000, 0x0000, 0x0000, 0x0000, 0x0000, 0x0000, 0x0000, 0x0000, 0x0000, 0x0000, 0x0000, 0x0000, 0x0000, 0x0000, 0x0000, 0x0000, 
	0x0000, 0x0000, 0x0000, 0x0000, 0x0000, 0x0000, 0x0000, 0x0000, 0x0000, 0x0000, 0x0000, 0x0000, 0x0000, 0x0000, 0x0000, 0x0000, 
	0x0000, 0x0000, 0x0000, 0x0000, 0x0000, 0x5267, 0xb4d1, 0xb4d1, 0xbcf1, 0xb4f1, 0xb4f1, 0xb511, 0xb511, 0xb511, 0xb511, 0xb511, 
	0xbd12, 0xbd12, 0xbd12, 0xbd12, 0xbd12, 0xbd12, 0xbd12, 0xbd12, 0xbd12, 0xbd32, 0xbd32, 0xbd32, 0xbd32, 0xbd12, 0xbd32, 0xbd52, 
	0xbd32, 0xc552, 0xc533, 0xc553, 0xc573, 0xc573, 0xc573, 0xc573, 0xc573, 0xb512, 0xa491, 0xbd52, 0xc573, 0xc593, 0xc593, 0xc593, 
	0xc593, 0xc593, 0xcd93, 0xcd93, 0x9b8c, 0x92ea, 0x930a, 0x9b0a, 0x9b09, 0x9b09, 0x9b09, 0x9b09, 0x92e9, 0x92e9, 0x92e9, 0x8ae8, 
	0x8ac8, 0x82a8, 0x8288, 0x7a67, 0x7a67, 0x7a87, 0x7a87, 0x8aa8, 0x92c8, 0x9309, 0xa32a, 0xa32a, 0xa34a, 0xab6b, 0xab8b, 0xb3ac, 
	0xbc0d, 0xcc90, 0xdd52, 0xe5d4, 0xedd5, 0xedf5, 0xdd73, 0xbc8f, 0xac0d, 0xabcc, 0x9b8b, 0x9b4a, 0x9309, 0x9309, 0x92e8, 0x92e9, 
	0x9b09, 0x9b09, 0x9b09, 0xa32a, 0xa34a, 0xa34a, 0xa34a, 0xa36a, 0xa34a, 0xa34a, 0xa34a, 0xa36a, 0xa36b, 0xab8b, 0xab8b, 0xb3ed, 
	0xb40d, 0xb40d, 0xbc2e, 0xbc6e, 0xc48f, 0xccd0, 0xd531, 0xe5d3, 0xedf4, 0xf676, 0x7b2b, 0x0000, 0x0000, 0x0000, 0x0000, 0x0000, 
	0x0000, 0x0000, 0x0000, 0x0000, 0x0000, 0x0000, 0x0000, 0x0000, 0x0000, 0x0000, 0x0000, 0x0000, 0x0000, 0x0000, 0x0000, 0x0000, 
	0x0000, 0x0000, 0x0000, 0x0000, 0x0000, 0x0000, 0x0000, 0x0000, 0x0000, 0x0000, 0x0000, 0x0000, 0x0000, 0x0000, 0x0000, 0x0000, 
	0x0000, 0x0000, 0x0000, 0x0000, 0x0000, 0x5a67, 0xb4d0, 0xb4d0, 0xbcf1, 0xb4f1, 0xb4f1, 0xb511, 0xb511, 0xb511, 0xb511, 0xb511, 
	0xbd12, 0xbd12, 0xbd12, 0xbd12, 0xbd12, 0xbd12, 0xbd12, 0xbd12, 0xbd12, 0xbd32, 0xbd32, 0xbd32, 0xbd32, 0xbd52, 0xbd32, 0xbd32, 
	0xc552, 0xc553, 0xc573, 0xc573, 0xc573, 0xc573, 0xc573, 0xc573, 0xc573, 0xb512, 0xa470, 0xbd52, 0xc573, 0xc593, 0xc593, 0xc593, 
	0xc593, 0xcd93, 0xcd93, 0xcdb3, 0x9b6b, 0x9b0a, 0x9b0a, 0x9b0a, 0x9b09, 0x9b09, 0x9b09, 0x92e9, 0x9b09, 0x92e9, 0x92e9, 0x8ac8, 
	0x8ac8, 0x82a8, 0x7a67, 0x7a47, 0x7a47, 0x7a67, 0x82a8, 0x8ae9, 0x9309, 0x9b09, 0x9b0a, 0xa32a, 0xa34a, 0xab4a, 0xab6a, 0xb3ab, 
	0xbbec, 0xc44e, 0xdd11, 0xe593, 0xedf4, 0xedf5, 0xdd93, 0xbc8f, 0xb42e, 0xabcc, 0xa3ab, 0x9b2a, 0x92e8, 0x92e8, 0x92e8, 0x92e9, 
	0x92e9, 0x9b09, 0x9b09, 0xa32a, 0x9b4a, 0xa34a, 0xa34a, 0xa34a, 0xa36b, 0xa36a, 0xa34a, 0xab6b, 0xab8b, 0xabac, 0xabac, 0xabac, 
	0xb40d, 0xbc2e, 0xbc4e, 0xc48f, 0xccaf, 0xccb0, 0xccf0, 0xdd72, 0xe5d3, 0xedf4, 0x7b0b, 0x0000, 0x0000, 0x0000, 0x0000, 0x0000, 
	0x0000, 0x0000, 0x0000, 0x0000, 0x0000, 0x0000, 0x0000, 0x0000, 0x0000, 0x0000, 0x0000, 0x0000, 0x0000, 0x0000, 0x0000, 0x0000, 
	0x0000, 0x0000, 0x0000, 0x0000, 0x0000, 0x0000, 0x0000, 0x0000, 0x0000, 0x0000, 0x0000, 0x0000, 0x0000, 0x0000, 0x0000, 0x0000, 
	0x0000, 0x0000, 0x0000, 0x0000, 0x0000, 0x5a67, 0xb4d0, 0xb4d0, 0xbcf1, 0xb4f1, 0xb4f1, 0xb511, 0xb4f2, 0xb511, 0xb511, 0xb511, 
	0xb511, 0xbd11, 0xbd12, 0xbd12, 0xbd12, 0xbd12, 0xbd12, 0xbd32, 0xbd32, 0xbd32, 0xbd32, 0xbd32, 0xbd32, 0xc532, 0xb4d1, 0xbd32, 
	0xbd52, 0xc553, 0xc553, 0xc573, 0xc573, 0xc573, 0xc573, 0xc573, 0xc573, 0xb512, 0x9c6f, 0xbd53, 0xc593, 0xc593, 0xc593, 0xc593, 
	0xcd93, 0xcd93, 0xcd93, 0xcd93, 0x9b4b, 0x9b0a, 0x9309, 0x9b09, 0x9ae9, 0x9b09, 0x9b09, 0x9ae9, 0x9ae9, 0x9ae9, 0x92e8, 0x8ac8, 
	0x8aa7, 0x8267, 0x7a46, 0x7226, 0x7226, 0x7a67, 0x8ac8, 0x92e9, 0x9ae9, 0x9b09, 0x9b09, 0xa32a, 0xa34a, 0xa34a, 0xab4a, 0xab6b, 
	0xb3ac, 0xc42d, 0xd48f, 0xdd32, 0xedf4, 0xf615, 0xedd4, 0xc4d0, 0xbc4e, 0xabcc, 0x9b6b, 0x92e9, 0x8ac7, 0x92c8, 0x92e8, 0x92e9, 
	0x9ae9, 0x9ae9, 0x9b09, 0x9b29, 0xa329, 0xa329, 0xa34a, 0xa34a, 0xa34a, 0xab6b, 0xab6b, 0xab6b, 0xab8b, 0xabac, 0xb3cc, 0xab8c, 
	0xb3ed, 0xbc2d, 0xbc4e, 0xc4af, 0xccb0, 0xccd0, 0xccf0, 0xdd52, 0xe593, 0xe5d4, 0x72ea, 0x0000, 0x0000, 0x0000, 0x0000, 0x0000, 
	0x0000, 0x0000, 0x0000, 0x0000, 0x0000, 0x0000, 0x0000, 0x0000, 0x0000, 0x0000, 0x0000, 0x0000, 0x0000, 0x0000, 0x0000, 0x0000, 
	0x0000, 0x0000, 0x0000, 0x0000, 0x0000, 0x0000, 0x0000, 0x0000, 0x0000, 0x0000, 0x0000, 0x0000, 0x0000, 0x0000, 0x0000, 0x0000, 
	0x0000, 0x0000, 0x0000, 0x0000, 0x0000, 0x5a67, 0xb4d0, 0xb4d0, 0xbcf1, 0xb4f1, 0xb4f1, 0xb511, 0xb511, 0xb510, 0xb511, 0xb511, 
	0xb511, 0xbd11, 0xbd12, 0xbd12, 0xbd12, 0xbd12, 0xacd0, 0xb512, 0xbd32, 0xacd0, 0xbd32, 0xbd32, 0xbd32, 0xb4f2, 0x72a9, 0xb4d0, 
	0xbd52, 0xc553, 0xc553, 0xc553, 0xc573, 0xc573, 0xc593, 0xc573, 0xc573, 0xbd32, 0xa490, 0xb4f1, 0xc593, 0xc593, 0xc593, 0xc593, 
	0xcd93, 0xcd93, 0xcd93, 0xcd93, 0x9b2b, 0x92e9, 0x9309, 0x92e9, 0x9b09, 0x9b09, 0x9b09, 0x92e8, 0x9ac8, 0x9ac8, 0x92e8, 0x8ac8, 
	0x8287, 0x7a46, 0x7246, 0x7226, 0x7226, 0x82a8, 0x8ae9, 0x9309, 0x9b09, 0x9b0a, 0xa32a, 0xa32a, 0xa34a, 0xab4a, 0xab4a, 0xab6a, 
	0xab8b, 0xb3cc, 0xc42d, 0xd4d0, 0xedf4, 0xf635, 0xee15, 0xd511, 0xbc6e, 0xabcc, 0x9309, 0x8ac8, 0x8aa7, 0x8aa7, 0x92c8, 0x92e8, 
	0x92e9, 0x9ae9, 0x9b09, 0x9b09, 0xa329, 0xa329, 0xa32a, 0xa34a, 0xa32a, 0xa32a, 0xab6b, 0xab8b, 0xab8b, 0xabcc, 0xb3cc, 0xb3ed, 
	0xb3ed, 0xbc2d, 0xbc2e, 0xccb0, 0xccd0, 0xccd0, 0xccf0, 0xd531, 0xe593, 0xe5d4, 0x72ca, 0x0000, 0x0000, 0x0000, 0x0000, 0x0000, 
	0x0000, 0x0000, 0x0000, 0x0000, 0x0000, 0x0000, 0x0000, 0x0000, 0x0000, 0x0000, 0x0000, 0x0000, 0x0000, 0x0000, 0x0000, 0x0000, 
	0x0000, 0x0000, 0x0000, 0x0000, 0x0000, 0x0000, 0x0000, 0x0000, 0x0000, 0x0000, 0x0000, 0x0000, 0x0000, 0x0000, 0x0000, 0x0000, 
	0x0000, 0x0000, 0x0000, 0x0000, 0x0000, 0x5a67, 0xb4d0, 0xb4d0, 0xbcd1, 0xbcd1, 0xb4f1, 0xb511, 0xbcf1, 0xbcf1, 0xbcf1, 0xbcf1, 
	0xbd11, 0xbd11, 0xbd12, 0xbd12, 0xbd12, 0xbd12, 0xac90, 0x9c2e, 0xb4f1, 0x93cd, 0xa46f, 0xbd33, 0xb4f1, 0x8b8c, 0x8b8d, 0xbd12, 
	0xbd52, 0xc553, 0xc553, 0xc553, 0xc553, 0xc553, 0xb4f1, 0xbd32, 0xc573, 0xbd53, 0xacd1, 0xa46f, 0xc593, 0xc593, 0xc593, 0xcd93, 
	0xcd93, 0xcd93, 0xcd93, 0xcd93, 0x930a, 0x92e9, 0x92e9, 0x92e9, 0x9ae9, 0x9b09, 0x9b09, 0x9ae8, 0x9ac8, 0x92e8, 0x92c8, 0x8aa7, 
	0x8267, 0x7a26, 0x7225, 0x7226, 0x7a47, 0x8ac9, 0x9309, 0x9309, 0x9b0a, 0x9b0a, 0xa32a, 0xa34a, 0xa34a, 0xab4a, 0xab4a, 0xab6a, 
	0xab6b, 0xb3ab, 0xbbec, 0xcc8f, 0xe593, 0xf656, 0xf656, 0xdd73, 0xc4b0, 0xabcc, 0x8aa8, 0x8266, 0x8287, 0x8aa7, 0x8aa7, 0x92c8, 
	0x9ac8, 0x9ae8, 0x9ae8, 0x9b09, 0xa309, 0xa309, 0xa309, 0xa32a, 0xa32a, 0xa32a, 0xab4a, 0xab8b, 0xabab, 0xabcc, 0xb3cc, 0xb3cc, 
	0xbc0d, 0xbc2d, 0xbc2d, 0xc46e, 0xccd0, 0xdd52, 0xdd52, 0xd531, 0xdd72, 0xe5b3, 0x72ca, 0x0000, 0x0000, 0x0000, 0x0000, 0x0000, 
	0x0000, 0x0000, 0x0000, 0x0000, 0x0000, 0x0000, 0x0000, 0x0000, 0x0000, 0x0000, 0x0000, 0x0000, 0x0000, 0x0000, 0x0000, 0x0000, 
	0x0000, 0x0000, 0x0000, 0x0000, 0x0000, 0x0000, 0x0000, 0x0000, 0x0000, 0x0000, 0x0000, 0x0000, 0x0000, 0x0000, 0x0000, 0x0000, 
	0x0000, 0x0000, 0x0000, 0x0000, 0x0000, 0x5a67, 0xbcd1, 0xb4d0, 0xbcd1, 0xbcf1, 0xb4f1, 0xb4f1, 0xbcf1, 0xbcf1, 0xbcf1, 0xbcf1, 
	0xbd11, 0xbd11, 0xbd12, 0xbd12, 0xbd12, 0xacb0, 0xacb0, 0xa490, 0x838c, 0xb4f1, 0xa490, 0x9c2e, 0xa44f, 0x9c0f, 0x836c, 0x93ed, 
	0xbd12, 0xbd33, 0xc574, 0xa470, 0xacb0, 0xbd12, 0xacb0, 0xc573, 0xc573, 0xc594, 0xac90, 0xa46f, 0xc573, 0xc593, 0xc593, 0xcd93, 
	0xcd93, 0xcd93, 0xcd93, 0xcd73, 0x8ac8, 0x92c8, 0x92e9, 0x92e9, 0x9ae9, 0x9ae9, 0x9ae9, 0x9ac8, 0x9ac8, 0x92c8, 0x8aa8, 0x8287, 
	0x7a46, 0x7205, 0x7205, 0x7246, 0x8288, 0x8ac9, 0x9309, 0x9b2a, 0x9b2a, 0xa32a, 0xa34a, 0xa34a, 0xab4a, 0xa34a, 0xab4a, 0xab4a, 
	0xab6a, 0xb38b, 0xbbec, 0xc44e, 0xdd31, 0xf635, 0xfed8, 0xedf5, 0xdd52, 0xbc4e, 0x8287, 0x7205, 0x8266, 0x8a87, 0x8a87, 0x92a8, 
	0x92c8, 0x9ac8, 0x9ae8, 0x9ae9, 0xa2e9, 0xa309, 0xa309, 0xa309, 0xa32a, 0xa309, 0xa32a, 0xab6b, 0xab8b, 0xabab, 0xb3cc, 0xb3cc, 
	0xbc0d, 0xc44e, 0xbc4e, 0xccaf, 0xd511, 0xdd52, 0xe572, 0xe593, 0xe593, 0xe5d4, 0x72ca, 0x0000, 0x0000, 0x0000, 0x0000, 0x0000, 
	0x0000, 0x0000, 0x0000, 0x0000, 0x0000, 0x0000, 0x0000, 0x0000, 0x0000, 0x0000, 0x0000, 0x0000, 0x0000, 0x0000, 0x0000, 0x0000, 
	0x0000, 0x0000, 0x0000, 0x0000, 0x0000, 0x0000, 0x0000, 0x0000, 0x0000, 0x0000, 0x0000, 0x0000, 0x0000, 0x0000, 0x0000, 0x0000, 
	0x0000, 0x0000, 0x0000, 0x0000, 0x0000, 0x5a67, 0xbcd0, 0xb4d0, 0xbcd1, 0xbcf1, 0xbcf1, 0xbcf1, 0xbcf1, 0xbcf1, 0xbd11, 0xbd11, 
	0xbd11, 0xbd11, 0xbd11, 0xbd11, 0xbd12, 0xb4f1, 0xa46f, 0x93cd, 0x838c, 0xbd11, 0xbd11, 0xb4f1, 0xacd1, 0xa46f, 0x836c, 0xacd1, 
	0x9c6f, 0xa490, 0x9c2f, 0xa490, 0xa470, 0x9c4f, 0xbd52, 0xc573, 0xc573, 0xc573, 0xa48f, 0xa470, 0xc573, 0xcd93, 0xcd93, 0xcd93, 
	0xcd93, 0xcd93, 0xcd93, 0xcd72, 0x8a87, 0x8aa8, 0x92c8, 0x92c9, 0x9ae9, 0x9ae9, 0x9ae8, 0x9ac8, 0x92c8, 0x92c8, 0x8aa7, 0x8266, 
	0x7225, 0x7205, 0x7226, 0x7a67, 0x82a8, 0x8ae8, 0x9309, 0x9b2a, 0xa32a, 0xa34a, 0xab4a, 0xa34a, 0xa32a, 0xa32a, 0xab4a, 0xab4a, 
	0xab6a, 0xb38b, 0xb3cc, 0xc42d, 0xccaf, 0xe5b4, 0xfeb7, 0xfe77, 0xe593, 0xd511, 0x8ae9, 0x7205, 0x7a46, 0x8a66, 0x9287, 0x92a7, 
	0x92c7, 0x92c8, 0x9ac8, 0x9ae9, 0xa2e9, 0xa309, 0x9b09, 0xa309, 0x9ae9, 0x9ae9, 0xa309, 0xa32a, 0xab6b, 0xab8b, 0xb3ac, 0xb3cc, 
	0xbc0d, 0xc46f, 0xc46f, 0xccb0, 0xd531, 0xdd52, 0xe573, 0xe593, 0xe573, 0xe593, 0x72ca, 0x0000, 0x0000, 0x0000, 0x0000, 0x0000, 
	0x0000, 0x0000, 0x0000, 0x0000, 0x0000, 0x0000, 0x0000, 0x0000, 0x0000, 0x0000, 0x0000, 0x0000, 0x0000, 0x0000, 0x0000, 0x0000, 
	0x0000, 0x0000, 0x0000, 0x0000, 0x0000, 0x0000, 0x0000, 0x0000, 0x0000, 0x0000, 0x0000, 0x0000, 0x0000, 0x0000, 0x0000, 0x0000, 
	0x0000, 0x0000, 0x0000, 0x0000, 0x0000, 0x5a67, 0xbcd0, 0xb4d0, 0xbcd1, 0xbcd1, 0xbcf1, 0xbcf1, 0xbcf1, 0xbcf1, 0xbcf1, 0xbd11, 
	0xbd11, 0xbd11, 0xbd11, 0xbd11, 0xbd12, 0xb511, 0xac90, 0x9c0e, 0xbd12, 0xbd32, 0xbd32, 0xa46f, 0xb4f1, 0xbd53, 0x9c2e, 0x836c, 
	0x93ee, 0x9c4f, 0x940e, 0xa470, 0x838c, 0xa46f, 0xc573, 0xc573, 0xcd73, 0xc573, 0xa46f, 0xacb0, 0xc553, 0xcd93, 0xcd93, 0xcd93, 
	0xcd93, 0xcd93, 0xcd93, 0xcd72, 0x8287, 0x8aa8, 0x8aa8, 0x92c8, 0x92c8, 0x92c8, 0x9ac8, 0x9ac8, 0x9ac8, 0x8aa7, 0x8287, 0x7a46, 
	0x7205, 0x7226, 0x7a67, 0x7a67, 0x82a8, 0x8ae8, 0x9309, 0x9b2a, 0xa32a, 0xa34a, 0xa34a, 0xa34a, 0xa32a, 0xa34a, 0xa34a, 0xab4a, 
	0xab6a, 0xab6a, 0xb38b, 0xbbec, 0xc44e, 0xdd31, 0xf615, 0xfe76, 0xf615, 0xe593, 0xb40d, 0x7225, 0x7205, 0x8246, 0x8a67, 0x9287, 
	0x92a7, 0x92c7, 0x92c8, 0x9ae8, 0x9ae9, 0xa2e9, 0x9ae9, 0x9b09, 0x9ae9, 0x9b09, 0xa309, 0xa309, 0xa34a, 0xab6b, 0xb38c, 0xb3cc, 
	0xbc0d, 0xbc4e, 0xc46f, 0xccb0, 0xd4d0, 0xd511, 0xe573, 0xe593, 0xe593, 0xe5b3, 0x72ca, 0x0000, 0x0000, 0x0000, 0x0000, 0x0000, 
	0x0000, 0x0000, 0x0000, 0x0000, 0x0000, 0x0000, 0x0000, 0x0000, 0x0000, 0x0000, 0x0000, 0x0000, 0x0000, 0x0000, 0x0000, 0x0000, 
	0x0000, 0x0000, 0x0000, 0x0000, 0x0000, 0x0000, 0x0000, 0x0000, 0x0000, 0x0000, 0x0000, 0x0000, 0x0000, 0x0000, 0x0000, 0x0000, 
	0x0000, 0x0000, 0x0000, 0x0000, 0x0000, 0x5a67, 0xbcd0, 0xb4d0, 0xbcd1, 0xbcd1, 0xbcf1, 0xbcf1, 0xbcf1, 0xbcf1, 0xbcf1, 0xbcf1, 
	0xbcf1, 0xb4f1, 0xb4f1, 0xb4d0, 0xac8f, 0x9c2e, 0xa46f, 0xbd11, 0xbd32, 0xbd32, 0xbd32, 0xbd32, 0xbd52, 0xbd32, 0x93ed, 0x838c, 
	0x93ee, 0x7b4b, 0xa470, 0xa470, 0xa44f, 0xc573, 0xc573, 0xc573, 0xcd73, 0xc593, 0xacb0, 0xb4f1, 0xbd32, 0xcd93, 0xcd93, 0xcd93, 
	0xcd93, 0xcd93, 0xcd93, 0xcd52, 0x7a46, 0x8a87, 0x8aa7, 0x8aa7, 0x92a8, 0x92a8, 0x92c8, 0x92a8, 0x92c7, 0x8a87, 0x8266, 0x7a05, 
	0x7a26, 0x8267, 0x8267, 0x8267, 0x8aa7, 0x92c8, 0x9309, 0x9b29, 0x9b09, 0xa329, 0xa32a, 0xab2a, 0xab2a, 0xa329, 0xab2a, 0xab4a, 
	0xab4a, 0xab4a, 0xab4a, 0xb3ab, 0xbc0d, 0xccb0, 0xe572, 0xfe35, 0xf635, 0xee15, 0xe5b3, 0xa3ab, 0x7205, 0x8226, 0x8a67, 0x9287, 
	0x9287, 0x92a7, 0x9aa7, 0x9ac8, 0x9ac8, 0x9ac8, 0x9ae8, 0xa2e9, 0xa2e9, 0xa309, 0xa309, 0xa309, 0xa34a, 0xab6b, 0xb38b, 0xb3ac, 
	0xb3ed, 0xbc4e, 0xc46f, 0xccb0, 0xccd0, 0xd4f1, 0xdd52, 0xe593, 0xe593, 0xe593, 0x72ca, 0x0000, 0x0000, 0x0000, 0x0000, 0x0000, 
	0x0000, 0x0000, 0x0000, 0x0000, 0x0000, 0x0000, 0x0000, 0x0000, 0x0000, 0x0000, 0x0000, 0x0000, 0x0000, 0x0000, 0x0000, 0x0000, 
	0x0000, 0x0000, 0x0000, 0x0000, 0x0000, 0x0000, 0x0000, 0x0000, 0x0000, 0x0000, 0x0000, 0x0000, 0x0000, 0x0000, 0x0000, 0x0000, 
	0x0000, 0x0000, 0x0000, 0x0000, 0x0000, 0x5a67, 0xbcd1, 0xb4d1, 0xbcd1, 0xbcf1, 0xb4f1, 0xb4f1, 0xb4f1, 0xb4d1, 0xac90, 0xa46f, 
	0x9c2e, 0x9c0e, 0x9c2e, 0xa46f, 0xacb0, 0xbd11, 0xbd32, 0xbd11, 0xbd32, 0xbd32, 0xbd52, 0xbd11, 0xb4d0, 0x9c2e, 0xac90, 0xacb1, 
	0x93cd, 0x838c, 0xa490, 0xc573, 0xacd1, 0xa46f, 0xb4f1, 0xbd32, 0xc573, 0xc573, 0xb4f1, 0xb4f1, 0xbd32, 0xcd93, 0xcd93, 0xcd93, 
	0xcd93, 0xcd93, 0xcd94, 0xcd32, 0x8267, 0x8267, 0x8a87, 0x8a87, 0x9287, 0x92a8, 0x92a8, 0x92a7, 0x92a7, 0x8a87, 0x8266, 0x7a25, 
	0x7a46, 0x8267, 0x8267, 0x7a66, 0x8aa7, 0x8aa8, 0x92c8, 0x92e9, 0x9b09, 0x9b09, 0xa309, 0xa309, 0xa329, 0xa329, 0xa32a, 0xa32a, 
	0xa329, 0xa309, 0xa329, 0xab6a, 0xb3cc, 0xc46e, 0xdd31, 0xf615, 0xf635, 0xf635, 0xf635, 0xe5b3, 0x92e8, 0x7a05, 0x8a46, 0x8a67, 
	0x9287, 0x92a8, 0x9aa7, 0x9ac8, 0x9ac8, 0x9ac8, 0x9ac8, 0x9ae8, 0x9ae9, 0xa2e9, 0x9ae9, 0xa309, 0xa32a, 0xa34a, 0xab8b, 0xb3ac, 
	0xb3cc, 0xbc2e, 0xbc2e, 0xcc8f, 0xccd0, 0xd511, 0xe573, 0xe593, 0xe5b3, 0xedb4, 0x72ca, 0x0000, 0x0000, 0x0000, 0x0000, 0x0000, 
	0x0000, 0x0000, 0x0000, 0x0000, 0x0000, 0x0000, 0x0000, 0x0000, 0x0000, 0x0000, 0x0000, 0x0000, 0x0000, 0x0000, 0x0000, 0x0000, 
	0x0000, 0x0000, 0x0000, 0x0000, 0x0000, 0x0000, 0x0000, 0x0000, 0x0000, 0x0000, 0x0000, 0x0000, 0x0000, 0x0000, 0x0000, 0x0000, 
	0x0000, 0x0000, 0x0000, 0x0000, 0x0000, 0x5267, 0xbcd1, 0xb4d1, 0xb4d1, 0xacb0, 0xa44f, 0x9c2e, 0x9bee, 0x9c2e, 0xac6f, 0xb4d0, 
	0xb4f1, 0xbd11, 0xbd12, 0xbd11, 0xbd11, 0xbd11, 0xbd11, 0xbd32, 0xbd32, 0xc552, 0xac8f, 0xa46f, 0xbd11, 0xc552, 0xa46f, 0xb4d0, 
	0xa46f, 0x9c4e, 0xbd32, 0xc573, 0xc573, 0xc573, 0xbd32, 0xa4b0, 0xa48f, 0xa490, 0xa46f, 0xa490, 0xc573, 0xcd93, 0xcd93, 0xcd93, 
	0xcd93, 0xcd93, 0xcd93, 0xcd31, 0x8246, 0x8267, 0x8267, 0x8a67, 0x9287, 0x9287, 0x92a7, 0x92a7, 0x92a7, 0x8a87, 0x8266, 0x7a26, 
	0x7a46, 0x8266, 0x8267, 0x8267, 0x8287, 0x8aa7, 0x8aa8, 0x8aa8, 0x9ae8, 0x9b08, 0xa309, 0xa309, 0xa309, 0xa309, 0xa309, 0xa2e9, 
	0xa2e9, 0x9ae8, 0xa2e8, 0xa349, 0xab8b, 0xbc0d, 0xccaf, 0xe593, 0xedf4, 0xee15, 0xf656, 0xf636, 0xd511, 0x8225, 0x8246, 0x8a66, 
	0x8a87, 0x92a7, 0x9aa8, 0x9aa8, 0x9ac8, 0x9ac8, 0x9ac8, 0x9ac8, 0x9ac9, 0xa2e9, 0x9ae9, 0xa309, 0xa309, 0xa32a, 0xa32a, 0xa36a, 
	0xab8c, 0xb3cc, 0xbc2e, 0xc44e, 0xccd0, 0xd4f1, 0xdd52, 0xe5b4, 0xedd4, 0xedd4, 0x7aca, 0x0000, 0x0000, 0x0000, 0x0000, 0x0000, 
	0x0000, 0x0000, 0x0000, 0x0000, 0x0000, 0x0000, 0x0000, 0x0000, 0x0000, 0x0000, 0x0000, 0x0000, 0x0000, 0x0000, 0x0000, 0x0000, 
	0x0000, 0x0000, 0x0000, 0x0000, 0x0000, 0x0000, 0x0000, 0x0000, 0x0000, 0x0000, 0x0000, 0x0000, 0x0000, 0x0000, 0x0000, 0x0000, 
	0x0000, 0x0000, 0x0000, 0x0000, 0x0000, 0x5247, 0xa44f, 0x9c0e, 0x93ed, 0x9c0e, 0xac90, 0xac90, 0xb4d1, 0xbd11, 0xbd11, 0xbcf1, 
	0xbd11, 0xbd11, 0xbd11, 0xbd11, 0xbd11, 0xbd11, 0xbd31, 0xbd31, 0xbd31, 0xa44e, 0xbcf1, 0xc552, 0xc552, 0xc552, 0xacb0, 0xb4f1, 
	0xc573, 0xc573, 0xc573, 0xc573, 0xc573, 0xc573, 0xcd93, 0xcd73, 0xcd93, 0xcd73, 0xc573, 0xa48f, 0xcd93, 0xcd93, 0xcd93, 0xcd93, 
	0xcd93, 0xcd93, 0xcd93, 0xcd11, 0x7a46, 0x8267, 0x8267, 0x8a67, 0x8a87, 0x9287, 0x9287, 0x9287, 0x9287, 0x8a87, 0x8266, 0x7a25, 
	0x7a26, 0x7a46, 0x8266, 0x8266, 0x8287, 0x8287, 0x8287, 0x8aa7, 0x92c8, 0x9ac8, 0x9ae8, 0x9ae8, 0xa2e8, 0xa2e8, 0xa2e8, 0x9ae8, 
	0x9ac8, 0x9ac8, 0x9ac8, 0x9b08, 0xa34a, 0xb3cc, 0xc44e, 0xd4f0, 0xdd31, 0xe572, 0xe593, 0xf5d4, 0xf5b4, 0xab6a, 0x8225, 0x8a66, 
	0x8a87, 0x92a7, 0x9a87, 0x9aa8, 0x9aa7, 0x9aa7, 0x9aa8, 0x9ac8, 0x9ac8, 0x9ac9, 0x9ae9, 0x9ae9, 0x9ae9, 0x9ae9, 0x9b29, 0xa32a, 
	0xab6b, 0xabac, 0xb40d, 0xbc2e, 0xc48f, 0xccd0, 0xdd32, 0xe5b4, 0xedd4, 0xedf4, 0x7aca, 0x0000, 0x0000, 0x0000, 0x0000, 0x0000, 
	0x0000, 0x0000, 0x0000, 0x0000, 0x0000, 0x0000, 0x0000, 0x0000, 0x0000, 0x0000, 0x0000, 0x0000, 0x0000, 0x0000, 0x0000, 0x0000, 
	0x0000, 0x0000, 0x0000, 0x0000, 0x0000, 0x0000, 0x0000, 0x0000, 0x0000, 0x0000, 0x0000, 0x0000, 0x0000, 0x0000, 0x0000, 0x0000, 
	0x0000, 0x0000, 0x0000, 0x0000, 0x0000, 0x41c5, 0x93ac, 0x9bee, 0x9c0e, 0x93ed, 0x9c0e, 0x93cd, 0x9bee, 0xbcf1, 0xbcf1, 0xbcf1, 
	0xbcf1, 0xbd11, 0xbd11, 0xbd11, 0xbd11, 0xbd11, 0xbd32, 0xbd32, 0xa44e, 0xb4d1, 0xc532, 0xc532, 0xc552, 0xbd52, 0xa44e, 0xc573, 
	0xc573, 0xc573, 0xc573, 0xc573, 0xc573, 0xcd73, 0xcd73, 0xcd73, 0xcd73, 0xcd93, 0xcd93, 0xa46f, 0xcd73, 0xcd93, 0xcd93, 0xcd93, 
	0xcd93, 0xcd93, 0xcd93, 0xc4f0, 0x7a46, 0x8266, 0x8267, 0x8a67, 0x8a67, 0x9287, 0x9287, 0x9287, 0x92a7, 0x8a87, 0x8246, 0x7a26, 
	0x7a26, 0x7a26, 0x7a46, 0x8246, 0x7a66, 0x8266, 0x8287, 0x8a87, 0x92c8, 0x92c8, 0x9ae8, 0x9ae8, 0xa2e8, 0xa2e8, 0x9ac8, 0x9ae8, 
	0x9ae8, 0x9aa7, 0x9ac7, 0x9ac7, 0x9b08, 0xab6a, 0xbc0c, 0xcc8f, 0xccaf, 0xd4d0, 0xd4af, 0xd4b0, 0xd4b0, 0xbbec, 0x8225, 0x8a66, 
	0x8a87, 0x9287, 0x9287, 0x9287, 0x92a7, 0x9aa8, 0x9aa8, 0x9aa8, 0x9aa8, 0x9aa8, 0x9ac8, 0x92c8, 0x9ae8, 0x9ae8, 0x9b09, 0x9b09, 
	0xa32a, 0xab8b, 0xb3cc, 0xbc2e, 0xc48f, 0xccb0, 0xdd31, 0xe5b3, 0xe5b3, 0xedf4, 0x7aca, 0x0000, 0x0000, 0x0000, 0x0000, 0x0000, 
	0x0000, 0x0000, 0x0000, 0x0000, 0x0000, 0x0000, 0x0000, 0x0000, 0x0000, 0x0000, 0x0000, 0x0000, 0x0000, 0x0000, 0x0000, 0x0000, 
	0x0000, 0x0000, 0x0000, 0x0000, 0x0000, 0x0000, 0x0000, 0x0000, 0x0000, 0x0000, 0x0000, 0x0000, 0x0000, 0x0000, 0x0000, 0x0000, 
	0x0000, 0x0000, 0x0000, 0x0000, 0x0000, 0x4a06, 0xac90, 0xac90, 0xac90, 0xb4b1, 0xb4f1, 0x836c, 0xacb0, 0xbcf1, 0xbcf1, 0xbcf1, 
	0xbcf1, 0xbcf1, 0xb4d1, 0xa42e, 0xa490, 0xb4d1, 0x8bac, 0xacb0, 0xac8f, 0xc532, 0xc552, 0xc532, 0xc552, 0xb4d0, 0xb4f1, 0xbd11, 
	0xac8f, 0xc552, 0xc552, 0xc552, 0xc573, 0xc573, 0xcd73, 0xcd73, 0xcd93, 0xcd93, 0xcd93, 0xac8f, 0xcd73, 0xcd93, 0xcd93, 0xcd93, 
	0xcd93, 0xcd93, 0xcd93, 0xbc8f, 0x7a26, 0x8246, 0x8266, 0x8266, 0x8a67, 0x8a67, 0x8a87, 0x9287, 0x8a87, 0x8a87, 0x8246, 0x7a05, 
	0x7a05, 0x7a05, 0x7a05, 0x7a05, 0x7a26, 0x7a46, 0x8246, 0x8a67, 0x8a87, 0x92a7, 0x92c7, 0x9ac8, 0x9ac8, 0x9ac8, 0x9ac8, 0x9ac8, 
	0x9ac8, 0x92a7, 0x9287, 0x92a7, 0x92c8, 0xa329, 0xab8b, 0xb3ec, 0xb3ec, 0xbc0d, 0xbbec, 0xbbcc, 0xbbcc, 0xbbcc, 0x8246, 0x8a66, 
	0x9287, 0x9287, 0x9287, 0x9287, 0x9287, 0x92a7, 0x9aa8, 0x9aa8, 0x9aa8, 0x9aa8, 0x92c8, 0x92c8, 0x9ac8, 0x9ac8, 0x9ae8, 0x9ae9, 
	0x9b09, 0xa32a, 0xabac, 0xabcc, 0xbc4e, 0xc46f, 0xccd0, 0xdd52, 0xe5b3, 0xedf4, 0x7aca, 0x0000, 0x0000, 0x0000, 0x0000, 0x0000, 
	0x0000, 0x0000, 0x0000, 0x0000, 0x0000, 0x0000, 0x0000, 0x0000, 0x0000, 0x0000, 0x0000, 0x0000, 0x0000, 0x0000, 0x0000, 0x0000, 
	0x0000, 0x0000, 0x0000, 0x0000, 0x0000, 0x0000, 0x0000, 0x0000, 0x0000, 0x0000, 0x0000, 0x0000, 0x0000, 0x0000, 0x0000, 0x0000, 
	0x0000, 0x0000, 0x0000, 0x0000, 0x0000, 0x5267, 0xb4d0, 0xb4d0, 0xb4d0, 0xb4d1, 0x8bad, 0x72ea, 0xb4d1, 0xb4d0, 0xac8f, 0xac6f, 
	0x9bed, 0x9c0e, 0xa46f, 0x93cd, 0xa490, 0x9c0e, 0x9c0e, 0x9bed, 0xbd11, 0xc532, 0xc552, 0xc552, 0xbd11, 0xa46f, 0xb4d0, 0xa46f, 
	0xbd12, 0xacb0, 0xbd32, 0x9c2e, 0xa44e, 0xac8f, 0xbd32, 0xcd73, 0xcd93, 0xcd73, 0xcd73, 0xacb0, 0xcd93, 0xcd93, 0xcd93, 0xcd93, 
	0xcd93, 0xcd93, 0xcd93, 0xbc8f, 0x7a05, 0x8246, 0x8246, 0x8246, 0x8a66, 0x8a66, 0x8a86, 0x8a86, 0x8a86, 0x8a66, 0x8246, 0x71e4, 
	0x71c4, 0x71c4, 0x71c4, 0x71e4, 0x71e5, 0x7a05, 0x7a25, 0x8245, 0x8266, 0x8a87, 0x92a7, 0x92a7, 0x92a7, 0x9287, 0x92a7, 0x92a7, 
	0x92a7, 0x8a87, 0x8a66, 0x8a66, 0x8a66, 0x8a87, 0x92e8, 0x9b29, 0xa329, 0xab6a, 0xa34a, 0xa34a, 0xa329, 0xabab, 0x8266, 0x8266, 
	0x8a86, 0x8a86, 0x9287, 0x9287, 0x9287, 0x9287, 0x9287, 0x9287, 0x92a8, 0x92a8, 0x92a8, 0x92a8, 0x92a8, 0x92a8, 0x92a8, 0x92c8, 
	0x92e9, 0x9b09, 0x9b29, 0xabab, 0xb3ec, 0xbc4e, 0xccaf, 0xd4f0, 0xdd52, 0xe5b4, 0x7aca, 0x0000, 0x0000, 0x0000, 0x0000, 0x0000, 
	0x0000, 0x0000, 0x0000, 0x0000, 0x0000, 0x0000, 0x0000, 0x0000, 0x0000, 0x0000, 0x0000, 0x0000, 0x0000, 0x0000, 0x0000, 0x0000, 
	0x0000, 0x0000, 0x0000, 0x0000, 0x0000, 0x0000, 0x0000, 0x0000, 0x0000, 0x0000, 0x0000, 0x0000, 0x0000, 0x0000, 0x0000, 0x0000, 
	0x0000, 0x0000, 0x0000, 0x0000, 0x0000, 0x5267, 0xb4d0, 0xb4f0, 0xb4d0, 0x8b8d, 0x72ca, 0x93ee, 0x93ee, 0x9c2e, 0xb4b0, 0xb4d0, 
	0xbcf1, 0xbd12, 0xac8f, 0xa44f, 0x9c2e, 0xac70, 0x9c2e, 0xb4b0, 0xc532, 0xc532, 0xc552, 0xc532, 0xa42e, 0xac8f, 0xb4b0, 0xc552, 
	0xc573, 0xa46f, 0xbd12, 0xb4d0, 0xc552, 0xbd32, 0xa46f, 0xacb0, 0xc552, 0xcd73, 0xcd73, 0xa46f, 0xc573, 0xcd93, 0xcd93, 0xcd93, 
	0xcd93, 0xcd93, 0xcd93, 0xb44e, 0x7a06, 0x8226, 0x8226, 0x8246, 0x8246, 0x8a66, 0x8a66, 0x8a66, 0x8a86, 0x8a66, 0x8a66, 0x71c4, 
	0x71a4, 0x69a4, 0x6983, 0x6142, 0x6983, 0x71c4, 0x71e4, 0x71e4, 0x7a05, 0x8246, 0x8a67, 0x8a87, 0x8a66, 0x9287, 0x9266, 0x8a66, 
	0x8a66, 0x8246, 0x8245, 0x7a25, 0x7a25, 0x8225, 0x8246, 0x8a66, 0x8a66, 0x8a67, 0x8a66, 0x8a66, 0x8a67, 0x9b09, 0x8266, 0x8266, 
	0x8a66, 0x8a87, 0x8aa7, 0x9287, 0x9287, 0x9287, 0x9287, 0x9287, 0x9288, 0x9288, 0x92a8, 0x92a8, 0x92a7, 0x92a7, 0x92a8, 0x92c8, 
	0x92c8, 0x92e8, 0x9b29, 0xa36a, 0xabcc, 0xbc4e, 0xc4af, 0xccf0, 0xdd11, 0xdd52, 0x6a89, 0x0000, 0x0000, 0x0000, 0x0000, 0x0000, 
	0x0000, 0x0000, 0x0000, 0x0000, 0x0000, 0x0000, 0x0000, 0x0000, 0x0000, 0x0000, 0x0000, 0x0000, 0x0000, 0x0000, 0x0000, 0x0000, 
	0x0000, 0x0000, 0x0000, 0x0000, 0x0000, 0x0000, 0x0000, 0x0000, 0x0000, 0x0000, 0x0000, 0x0000, 0x0000, 0x0000, 0x0000, 0x0000, 
	0x0000, 0x0000, 0x0000, 0x0000, 0x0000, 0x5267, 0xb4d0, 0xb4f1, 0x7b2a, 0x7b0a, 0x8bac, 0xa42e, 0xb4d1, 0xbcf1, 0xbd11, 0xbd11, 
	0xbd11, 0xbd12, 0x9bed, 0x93ed, 0xb4d1, 0xa42e, 0x9c0f, 0xc532, 0xc532, 0xc532, 0xc552, 0xa42e, 0x9c2e, 0xb4d1, 0xc552, 0xc573, 
	0xc573, 0xa42e, 0xbd32, 0xb4d0, 0xc573, 0xcd73, 0xcd73, 0xbd12, 0xa46f, 0xb4d0, 0xc552, 0xbd32, 0xa46f, 0xbd11, 0xcd93, 0xcd93, 
	0xcd93, 0xcd93, 0xcdb3, 0xa3ec, 0x7a05, 0x7a05, 0x8246, 0x8246, 0x8245, 0x8a66, 0x8245, 0x8a66, 0x8a86, 0x8a87, 0x8a66, 0x79e5, 
	0x71a4, 0x7183, 0x6942, 0x58e1, 0x50a0, 0x50e1, 0x6983, 0x71a3, 0x71c4, 0x79e5, 0x8225, 0x8246, 0x8a46, 0x8246, 0x8245, 0x8225, 
	0x8205, 0x7a05, 0x7a05, 0x71e5, 0x71c4, 0x71a4, 0x6983, 0x6162, 0x6142, 0x6963, 0x6983, 0x71c4, 0x8225, 0x8266, 0x8245, 0x8266, 
	0x8a66, 0x8a86, 0x8a87, 0x8a87, 0x9287, 0x9287, 0x9287, 0x9287, 0x9287, 0x92a7, 0x92a8, 0x9287, 0x8a87, 0x8a87, 0x92a8, 0x92a8, 
	0x92c8, 0x9ae9, 0x9b29, 0xa34a, 0xa38b, 0xb3ed, 0xc46f, 0xccd0, 0xd4f0, 0xd511, 0x6a89, 0x0000, 0x0000, 0x0000, 0x0000, 0x0000, 
	0x0000, 0x0000, 0x0000, 0x0000, 0x0000, 0x0000, 0x0000, 0x0000, 0x0000, 0x0000, 0x0000, 0x0000, 0x0000, 0x0000, 0x0000, 0x0000, 
	0x0000, 0x0000, 0x0000, 0x0000, 0x0000, 0x0000, 0x0000, 0x0000, 0x0000, 0x0000, 0x0000, 0x0000, 0x0000, 0x0000, 0x0000, 0x0000, 
	0x0000, 0x0000, 0x0000, 0x0000, 0x0000, 0x5247, 0xb4d0, 0xbcd1, 0xa44e, 0xac6e, 0xbcd0, 0xbcf1, 0xbcf1, 0xbcf1, 0xbd11, 0xc511, 
	0xbd11, 0xa44e, 0x9c0e, 0xac6f, 0xb4d0, 0x9c0e, 0xb4b0, 0xc531, 0xc531, 0xc531, 0xc551, 0xac8f, 0xbd11, 0xc552, 0xc552, 0xc552, 
	0xc572, 0xb4f1, 0xb4f1, 0xac8f, 0xcd73, 0xcd73, 0xcd73, 0xcd93, 0xb4d0, 0xac8f, 0x9c0e, 0xb4d1, 0xc573, 0xa46f, 0xbd31, 0xcd93, 
	0xcd93, 0xcd93, 0xd593, 0x9b8b, 0x7a05, 0x7a05, 0x7a05, 0x8225, 0x8225, 0x8245, 0x8245, 0x8a66, 0x8a86, 0x8a87, 0x8a87, 0x7a05, 
	0x71a3, 0x6963, 0x6942, 0x6142, 0x58e1, 0x50a0, 0x50a0, 0x6142, 0x69a4, 0x71c4, 0x71e4, 0x7a05, 0x7a05, 0x7a05, 0x7a04, 0x79e4, 
	0x79e4, 0x7a05, 0x79e4, 0x71c4, 0x6983, 0x5901, 0x50a0, 0x50c0, 0x6121, 0x6963, 0x71a3, 0x71a4, 0x71c4, 0x71e4, 0x8245, 0x8266, 
	0x8a86, 0x8a86, 0x8a86, 0x8a87, 0x9287, 0x9287, 0x9287, 0x9287, 0x9287, 0x92a7, 0x92a8, 0x9287, 0x8a87, 0x8a87, 0x9287, 0x92a8, 
	0x92a8, 0x92c8, 0x9309, 0x9b4a, 0xa34a, 0xabab, 0xbc4e, 0xc4af, 0xccd0, 0xd511, 0x6a69, 0x0000, 0x0000, 0x0000, 0x0000, 0x0000, 
	0x0000, 0x0000, 0x0000, 0x0000, 0x0000, 0x0000, 0x0000, 0x0000, 0x0000, 0x0000, 0x0000, 0x0000, 0x0000, 0x0000, 0x0000, 0x0000, 
	0x0000, 0x0000, 0x0000, 0x0000, 0x0000, 0x0000, 0x0000, 0x0000, 0x0000, 0x0000, 0x0000, 0x0000, 0x0000, 0x0000, 0x0000, 0x0000, 
	0x0000, 0x0000, 0x0000, 0x0000, 0x0000, 0x5267, 0xb4d0, 0xbcd0, 0xbcf0, 0xbcf0, 0xbcf0, 0xbcf0, 0xbcf1, 0xbcf1, 0xbcf1, 0xbd11, 
	0xbd11, 0xa44e, 0xa44e, 0xbd11, 0xb4b0, 0x9bed, 0xbd31, 0xc531, 0xc531, 0xc532, 0xc552, 0xc552, 0xc552, 0xc552, 0xc572, 0xcd72, 
	0xc572, 0xc572, 0xa42e, 0xb4af, 0xcd72, 0xcd73, 0xcd73, 0xcd93, 0xb4f0, 0xa44e, 0xc552, 0xbd11, 0xa46f, 0xb4d0, 0xa42e, 0xcd73, 
	0xcd93, 0xcd93, 0xd593, 0x934a, 0x7a05, 0x7a05, 0x7a05, 0x7a25, 0x7a25, 0x8245, 0x8a46, 0x8a66, 0x8a86, 0x8a66, 0x8a66, 0x8226, 
	0x71c4, 0x6963, 0x6942, 0x6942, 0x6122, 0x6122, 0x6122, 0x6142, 0x6162, 0x69a4, 0x71c4, 0x71c4, 0x71e4, 0x71c4, 0x79e4, 0x71c4, 
	0x79e4, 0x79e5, 0x79e5, 0x69a3, 0x6122, 0x6101, 0x6122, 0x6122, 0x6142, 0x6983, 0x6983, 0x6963, 0x71a3, 0x7a05, 0x8266, 0x8266, 
	0x8a66, 0x8a86, 0x8a86, 0x8a86, 0x8a86, 0x8a86, 0x8a86, 0x8a86, 0x8a87, 0x8a87, 0x8a87, 0x8a87, 0x8a67, 0x8a87, 0x8a87, 0x8a87, 
	0x92a8, 0x8ac8, 0x92e8, 0x9b4a, 0x9b6a, 0xa36a, 0xbc4e, 0xccaf, 0xccd0, 0xccf0, 0x6a69, 0x0000, 0x0000, 0x0000, 0x0000, 0x0000, 
	0x0000, 0x0000, 0x0000, 0x0000, 0x0000, 0x0000, 0x0000, 0x0000, 0x0000, 0x0000, 0x0000, 0x0000, 0x0000, 0x0000, 0x0000, 0x0000, 
	0x0000, 0x0000, 0x0000, 0x0000, 0x0000, 0x0000, 0x0000, 0x0000, 0x0000, 0x0000, 0x0000, 0x0000, 0x0000, 0x0000, 0x0000, 0x0000, 
	0x0000, 0x0000, 0x0000, 0x0000, 0x0000, 0x5247, 0xbcd0, 0xbcd0, 0xbcf0, 0xbcf0, 0xbcf0, 0xbcf1, 0xbcf1, 0xbcf1, 0xbcf1, 0xbd11, 
	0xc511, 0xbd11, 0xbd11, 0xbd11, 0xbd31, 0xbd11, 0xc531, 0xc531, 0xc531, 0xc532, 0xc552, 0xc552, 0xc552, 0xc552, 0xcd72, 0xcd72, 
	0xcd72, 0xcd72, 0xc531, 0xcd72, 0xcd72, 0xcd73, 0xcd73, 0xcd93, 0xcd93, 0xc573, 0xcd92, 0xc592, 0xc572, 0xbd11, 0xb4d0, 0xcd93, 
	0xd593, 0xd593, 0xd593, 0x8ae8, 0x71e4, 0x7a05, 0x7a05, 0x7a05, 0x7a05, 0x7a25, 0x8246, 0x8266, 0x8266, 0x8a66, 0x8a66, 0x8226, 
	0x79e4, 0x71a4, 0x6963, 0x6143, 0x6143, 0x6143, 0x6963, 0x6963, 0x6983, 0x6983, 0x71a4, 0x71c4, 0x71c4, 0x71a4, 0x71c4, 0x71a4, 
	0x71c4, 0x71c4, 0x69a4, 0x6963, 0x6162, 0x6142, 0x6142, 0x6122, 0x6122, 0x6142, 0x6142, 0x6162, 0x69a3, 0x7a05, 0x8266, 0x8a66, 
	0x8a86, 0x8a86, 0x8a66, 0x8a86, 0x8a66, 0x8266, 0x8a66, 0x8a66, 0x8a67, 0x8a67, 0x8a67, 0x8a66, 0x8a67, 0x8a67, 0x8a67, 0x8a87, 
	0x8a87, 0x8aa8, 0x92c8, 0x9329, 0x9b4a, 0x9b4a, 0xabec, 0xbc6e, 0xc4af, 0xc4af, 0x6a48, 0x0000, 0x0000, 0x0000, 0x0000, 0x0000, 
	0x0000, 0x0000, 0x0000, 0x0000, 0x0000, 0x0000, 0x0000, 0x0000, 0x0000, 0x0000, 0x0000, 0x0000, 0x0000, 0x0000, 0x0000, 0x0000, 
	0x0000, 0x0000, 0x0000, 0x0000, 0x0000, 0x0000, 0x0000, 0x0000, 0x0000, 0x0000, 0x0000, 0x0000, 0x0000, 0x0000, 0x0000, 0x0000, 
	0x0000, 0x0000, 0x0000, 0x0000, 0x0000, 0x5247, 0xb4d0, 0xbcd0, 0xbcd0, 0xbcd1, 0xbcd0, 0xbcf1, 0xbcd1, 0xbcd1, 0xbcf1, 0xbcf1, 
	0xbcf1, 0xbd11, 0xc511, 0xc511, 0xc511, 0xc511, 0xc531, 0xc531, 0xc531, 0xc531, 0xcd52, 0xcd52, 0xcd52, 0xcd52, 0xcd72, 0xcd72, 
	0xcd72, 0xcd72, 0xcd72, 0xcd72, 0xcd72, 0xcd72, 0xcd72, 0xcd72, 0xcd72, 0xcd72, 0xcd72, 0xcd72, 0xcd93, 0xcd93, 0xcd93, 0xcd93, 
	0xd593, 0xd593, 0xd593, 0x82a7, 0x71e4, 0x71e4, 0x71e4, 0x7a05, 0x7a05, 0x7a25, 0x8246, 0x8266, 0x8a66, 0x8a66, 0x8a66, 0x8266, 
	0x7a25, 0x79e4, 0x6983, 0x6983, 0x6983, 0x6983, 0x6984, 0x6984, 0x69a3, 0x69a3, 0x71a3, 0x71a3, 0x71a4, 0x71a4, 0x71a3, 0x71a3, 
	0x71a3, 0x6983, 0x6983, 0x6983, 0x6963, 0x6962, 0x6142, 0x6122, 0x6121, 0x5901, 0x6142, 0x71a4, 0x79e4, 0x8246, 0x8a86, 0x8a86, 
	0x8a86, 0x8a86, 0x8a86, 0x8a86, 0x8a86, 0x8a66, 0x8a66, 0x8a66, 0x8266, 0x8266, 0x8a46, 0x8a46, 0x8a46, 0x8a46, 0x8266, 0x8a87, 
	0x8a87, 0x8aa7, 0x8ac8, 0x92e8, 0x9b29, 0x9b6a, 0xabcc, 0xb40d, 0xc48f, 0xc48f, 0x6a28, 0x0000, 0x0000, 0x0000, 0x0000, 0x0000, 
	0x0000, 0x0000, 0x0000, 0x0000, 0x0000, 0x0000, 0x0000, 0x0000, 0x0000, 0x0000, 0x0000, 0x0000, 0x0000, 0x0000, 0x0000, 0x0000, 
	0x0000, 0x0000, 0x0000, 0x0000, 0x0000, 0x0000, 0x0000, 0x0000, 0x0000, 0x0000, 0x0000, 0x0000, 0x0000, 0x0000, 0x0000, 0x0000, 
	0x0000, 0x0000, 0x0000, 0x0000, 0x0000, 0x5227, 0xb4b0, 0xb4b0, 0xb4b0, 0xb4b0, 0xb4d0, 0xb4d0, 0xbcd0, 0xbcd1, 0xbcf0, 0xbcf0, 
	0xbcf1, 0xbcf1, 0xbd11, 0xc511, 0xc511, 0xc511, 0xc531, 0xc531, 0xc531, 0xc531, 0xc531, 0xc531, 0xcd52, 0xcd52, 0xcd72, 0xcd72, 
	0xcd72, 0xcd72, 0xcd72, 0xcd72, 0xcd72, 0xcd72, 0xcd72, 0xcd72, 0xcd72, 0xcd72, 0xcd72, 0xcd72, 0xcd93, 0xcd93, 0xcd93, 0xcd93, 
	0xd593, 0xd593, 0xd593, 0x7a66, 0x71e4, 0x71e4, 0x71e4, 0x7a05, 0x7a05, 0x7a25, 0x8246, 0x8266, 0x8266, 0x8a66, 0x8266, 0x8246, 
	0x8246, 0x7a05, 0x71e4, 0x71c4, 0x71c4, 0x71c4, 0x71c4, 0x71c4, 0x71c4, 0x71c4, 0x71c4, 0x71c4, 0x71a3, 0x71a3, 0x71a3, 0x6983, 
	0x6983, 0x6983, 0x6983, 0x6983, 0x6983, 0x6963, 0x6163, 0x6142, 0x6162, 0x6983, 0x69a4, 0x71e4, 0x7a25, 0x8266, 0x8a86, 0x8a86, 
	0x8a86, 0x8a86, 0x8a86, 0x8a86, 0x8a66, 0x8a66, 0x8246, 0x8246, 0x8266, 0x8246, 0x8266, 0x8246, 0x8266, 0x8246, 0x8246, 0x8266, 
	0x8287, 0x8287, 0x82a7, 0x8ac8, 0x9309, 0x9b4a, 0xa38b, 0xabcc, 0xb40d, 0xbc4e, 0x6228, 0x0000, 0x0000, 0x0000, 0x0000, 0x0000, 
	0x0000, 0x0000, 0x0000, 0x0000, 0x0000, 0x0000, 0x0000, 0x0000, 0x0000, 0x0000, 0x0000, 0x0000, 0x0000, 0x0000, 0x0000, 0x0000, 
	0x0000, 0x0000, 0x0000, 0x0000, 0x0000, 0x0000, 0x0000, 0x0000, 0x0000, 0x0000, 0x0000, 0x0000, 0x0000, 0x0000, 0x0000, 0x0000, 
	0x0000, 0x0000, 0x0000, 0x0000, 0x0000, 0x5227, 0xb48f, 0xb4b0, 0xb490, 0xb4b0, 0xb490, 0xb4b0, 0xb4b0, 0xb4b0, 0xbcd0, 0xbcd0, 
	0xbcd0, 0xbcd1, 0xbcd1, 0xbcf1, 0xc4f1, 0xc511, 0xc511, 0xc531, 0xc511, 0xc511, 0xc531, 0xc531, 0xc531, 0xc531, 0xc552, 0xcd52, 
	0xcd72, 0xcd72, 0xcd72, 0xcd72, 0xcd72, 0xcd72, 0xcd93, 0xcd93, 0xcd93, 0xcd93, 0xcd93, 0xcd93, 0xcd93, 0xcd93, 0xd593, 0xcd93, 
	0xcd93, 0xcd93, 0xd593, 0x7225, 0x69c4, 0x69e4, 0x71e4, 0x7204, 0x7205, 0x7a25, 0x8246, 0x8246, 0x8266, 0x8266, 0x8266, 0x8266, 
	0x8246, 0x7a25, 0x7a05, 0x71e5, 0x71e5, 0x79e5, 0x79e5, 0x79e5, 0x79e5, 0x71e4, 0x79c4, 0x79c4, 0x71c4, 0x71a3, 0x7183, 0x7183, 
	0x71a3, 0x71a3, 0x71a3, 0x71c4, 0x69c3, 0x69a3, 0x69a3, 0x69a3, 0x69a3, 0x71c4, 0x71e4, 0x7a05, 0x8245, 0x8a66, 0x8a86, 0x8a86, 
	0x8a86, 0x8a86, 0x8a86, 0x8a86, 0x8a66, 0x8a66, 0x8266, 0x8246, 0x8245, 0x7a45, 0x7a25, 0x8246, 0x7a46, 0x7a46, 0x7a46, 0x8266, 
	0x8267, 0x8a87, 0x8287, 0x82a7, 0x8ac8, 0x9309, 0x9b6a, 0xabab, 0xb40d, 0xb42d, 0x59e7, 0x0000, 0x0000, 0x0000, 0x0000, 0x0000, 
	0x0000, 0x0000, 0x0000, 0x0000, 0x0000, 0x0000, 0x0000, 0x0000, 0x0000, 0x0000, 0x0000, 0x0000, 0x0000, 0x0000, 0x0000, 0x0000, 
	0x0000, 0x0000, 0x0000, 0x0000, 0x0000, 0x0000, 0x0000, 0x0000, 0x0000, 0x0000, 0x0000, 0x0000, 0x0000, 0x0000, 0x0000, 0x0000, 
	0x0000, 0x0000, 0x0000, 0x0000, 0x0000, 0x5227, 0xac8f, 0xb490, 0xac8f, 0xac8f, 0xb490, 0xb490, 0xb490, 0xb490, 0xb490, 0xb490, 
	0xb4b0, 0xb4b0, 0xbcb0, 0xbcd0, 0xbcd0, 0xbcf1, 0xbd11, 0xbd11, 0xbd11, 0xbd11, 0xc511, 0xc511, 0xc511, 0xc511, 0xc531, 0xc531, 
	0xc531, 0xcd52, 0xcd72, 0xcd72, 0xcd72, 0xcd72, 0xcd93, 0xcd93, 0xcd93, 0xcd93, 0xcd93, 0xcd93, 0xcd93, 0xcd93, 0xd593, 0xcd93, 
	0xcd93, 0xcd93, 0xd572, 0x6a04, 0x69c4, 0x69c4, 0x69e4, 0x7204, 0x7205, 0x7a25, 0x8246, 0x8246, 0x8266, 0x8266, 0x8266, 0x8246, 
	0x8246, 0x8246, 0x7a25, 0x7a05, 0x7a05, 0x7a05, 0x7a25, 0x7a25, 0x7a05, 0x7a05, 0x79e4, 0x79e4, 0x79e4, 0x71c4, 0x71c4, 0x71c4, 
	0x79c4, 0x79c4, 0x71e4, 0x71e4, 0x71e4, 0x71e4, 0x71c4, 0x71e4, 0x71e4, 0x7a05, 0x7a25, 0x7a45, 0x8246, 0x8a66, 0x8a86, 0x8a67, 
	0x8a86, 0x8a86, 0x8a86, 0x8a66, 0x8a66, 0x8a66, 0x8246, 0x8245, 0x7a45, 0x7a25, 0x7a25, 0x7a25, 0x7a46, 0x7a46, 0x7a46, 0x7a46, 
	0x8246, 0x8266, 0x8266, 0x8287, 0x8aa7, 0x92e8, 0x9b29, 0xa38b, 0xabec, 0xabec, 0x59e7, 0x0000, 0x0000, 0x0000, 0x0000, 0x0000, 
	0x0000, 0x0000, 0x0000, 0x0000, 0x0000, 0x0000, 0x0000, 0x0000, 0x0000, 0x0000, 0x0000, 0x0000, 0x0000, 0x0000, 0x0000, 0x0000, 
	0x0000, 0x0000, 0x0000, 0x0000, 0x0000, 0x0000, 0x0000, 0x0000, 0x0000, 0x0000, 0x0000, 0x0000, 0x0000, 0x0000, 0x0000, 0x0000, 
	0x0000, 0x0000, 0x0000, 0x0000, 0x0000, 0x5227, 0xac6f, 0xac4f, 0xac6f, 0xac6f, 0xac6f, 0xac6f, 0xac6f, 0xac6f, 0xac6f, 0xac6f, 
	0xac6f, 0xb46f, 0xb48f, 0xb490, 0xb490, 0xbcb0, 0xbcd0, 0xbcd0, 0xbcd0, 0xbcd0, 0xbcd0, 0xbcd0, 0xbcd0, 0xbcb0, 0xbcd0, 0xbcb0, 
	0xbcd0, 0xc511, 0xcd52, 0xcd72, 0xcd72, 0xcd72, 0xcd92, 0xcd92, 0xcd92, 0xcd92, 0xcd92, 0xcd92, 0xd593, 0xd593, 0xd593, 0xcd93, 
	0xcd93, 0xcd93, 0xcd72, 0x69c4, 0x69c4, 0x69c4, 0x71e4, 0x71e4, 0x7205, 0x7a05, 0x7a45, 0x7a46, 0x8266, 0x8266, 0x8266, 0x8266, 
	0x8246, 0x8246, 0x7a26, 0x7a26, 0x7a05, 0x7a25, 0x7a25, 0x7a25, 0x8225, 0x7a05, 0x79e5, 0x7a05, 0x79e5, 0x79e4, 0x79e4, 0x79e4, 
	0x79e4, 0x79e4, 0x7a04, 0x7a04, 0x7a05, 0x71e4, 0x71e4, 0x7a05, 0x7a25, 0x7a25, 0x8245, 0x8246, 0x8266, 0x8a86, 0x8a86, 0x8a86, 
	0x8a86, 0x8a87, 0x8a86, 0x8a66, 0x8a66, 0x8266, 0x8266, 0x8245, 0x7a25, 0x7a25, 0x7a25, 0x7a25, 0x7a25, 0x7a25, 0x7a46, 0x7a46, 
	0x7a46, 0x7a46, 0x7a66, 0x8266, 0x8287, 0x8aa7, 0x9309, 0x9b6a, 0xa3ab, 0xabec, 0x59e7, 0x0000, 0x0000, 0x0000, 0x0000, 0x0000, 
	0x0000, 0x0000, 0x0000, 0x0000, 0x0000, 0x0000, 0x0000, 0x0000, 0x0000, 0x0000, 0x0000, 0x0000, 0x0000, 0x0000, 0x0000, 0x0000, 
	0x0000, 0x0000, 0x0000, 0x0000, 0x0000, 0x0000, 0x0000, 0x0000, 0x0000, 0x0000, 0x0000, 0x0000, 0x0000, 0x0000, 0x0000, 0x0000, 
	0x0000, 0x0000, 0x0000, 0x0000, 0x0000, 0x49e6, 0xa42e, 0xa40e, 0xa40e, 0xa40e, 0xa40e, 0xa40e, 0xa40e, 0xa40e, 0xa40e, 0xa40e, 
	0xac0e, 0xac0e, 0xac0e, 0xac2e, 0xac2e, 0xb44e, 0xb44f, 0xb44f, 0xb44f, 0xb44e, 0xb40d, 0xb40d, 0xb42d, 0xb42d, 0xb42d, 0xbc4e, 
	0xb46e, 0xbcb0, 0xc511, 0xcd52, 0xcd72, 0xcd72, 0xcd92, 0xcd92, 0xcd92, 0xcd92, 0xcd92, 0xcd92, 0xd593, 0xd593, 0xd593, 0xcd93, 
	0xcd93, 0xcd72, 0xcd52, 0x69e4, 0x69c4, 0x69c4, 0x69e4, 0x71e4, 0x71e5, 0x7205, 0x7a25, 0x7a46, 0x8266, 0x8266, 0x8266, 0x8266, 
	0x8266, 0x8246, 0x8246, 0x7a26, 0x7a26, 0x8246, 0x8246, 0x8246, 0x8246, 0x8225, 0x7a05, 0x7a05, 0x79e5, 0x79e5, 0x79e4, 0x79e4, 
	0x7a04, 0x7a05, 0x7a05, 0x7a25, 0x7a25, 0x7a25, 0x7a25, 0x7a25, 0x8246, 0x8246, 0x8246, 0x8266, 0x8a66, 0x8a86, 0x8a86, 0x8a86, 
	0x8a86, 0x8a86, 0x8a66, 0x8a66, 0x8a66, 0x8266, 0x8266, 0x7a45, 0x7a25, 0x7a25, 0x7a05, 0x7a05, 0x7a25, 0x7a05, 0x7a25, 0x7a26, 
	0x7a46, 0x7a46, 0x7a46, 0x8266, 0x8267, 0x8287, 0x92e8, 0x9b4a, 0xa36b, 0xa3ab, 0x59c6, 0x0000, 0x0000, 0x0000, 0x0000, 0x0000, 
	0x0000, 0x0000, 0x0000, 0x0000, 0x0000, 0x0000, 0x0000, 0x0000, 0x0000, 0x0000, 0x0000, 0x0000, 0x0000, 0x0000, 0x0000, 0x0000, 
	0x0000, 0x0000, 0x0000, 0x0000, 0x0000, 0x0000, 0x0000, 0x0000, 0x0000, 0x0000, 0x0000, 0x0000, 0x0000, 0x0000, 0x0000, 0x0000, 
	0x0000, 0x0000, 0x0000, 0x0000, 0x0000, 0x49e5, 0xa3cd, 0xa3cd, 0xa3cd, 0xa3cd, 0xa3cd, 0xa3cc, 0xa3cc, 0xa3cc, 0xa3cd, 0xabcc, 
	0xabcc, 0xabac, 0xabac, 0xabac, 0xa3ac, 0xabac, 0xabac, 0xabcc, 0xabcc, 0xabcc, 0xb3cc, 0xb3cc, 0xbbec, 0xbbec, 0xbbec, 0xbc2d, 
	0xbc4d, 0xb48f, 0xc4d0, 0xcd31, 0xcd52, 0xd572, 0xcd92, 0xcd92, 0xcd92, 0xcd92, 0xcd92, 0xcd92, 0xcd92, 0xcd92, 0xcd92, 0xcd92, 
	0xcd92, 0xcd92, 0xcd51, 0x69c3, 0x69a3, 0x69c4, 0x69e4, 0x69e4, 0x71e4, 0x7205, 0x7a25, 0x7a46, 0x7a46, 0x8266, 0x8266, 0x8266, 
	0x8266, 0x8266, 0x8246, 0x8246, 0x8246, 0x8246, 0x8266, 0x8266, 0x8265, 0x8245, 0x8225, 0x7a05, 0x7a05, 0x79e5, 0x79e4, 0x7a05, 
	0x8225, 0x8225, 0x8225, 0x8225, 0x8225, 0x7a25, 0x7a25, 0x8246, 0x8246, 0x8266, 0x8266, 0x8266, 0x8a66, 0x8a86, 0x8a86, 0x8a86, 
	0x8a86, 0x8a86, 0x8266, 0x8266, 0x7a66, 0x7a65, 0x7a45, 0x7a45, 0x7a25, 0x7a05, 0x7a05, 0x7a05, 0x7205, 0x7a05, 0x7a25, 0x7a25, 
	0x7a26, 0x7a46, 0x7a46, 0x7a46, 0x8266, 0x8267, 0x8ac8, 0x9309, 0x9b6a, 0xa38b, 0x51a6, 0x0000, 0x0000, 0x0000, 0x0000, 0x0000, 
	0x0000, 0x0000, 0x0000, 0x0000, 0x0000, 0x0000, 0x0000, 0x0000, 0x0000, 0x0000, 0x0000, 0x0000, 0x0000, 0x0000, 0x0000, 0x0000, 
	0x0000, 0x0000, 0x0000, 0x0000, 0x0000, 0x0000, 0x0000, 0x0000, 0x0000, 0x0000, 0x0000, 0x0000, 0x0000, 0x0000, 0x0000, 0x0000, 
	0x0000, 0x0000, 0x0000, 0x0000, 0x0000, 0x51e6, 0xa38b, 0xa38b, 0xa38b, 0xa38b, 0xa38b, 0xab8b, 0xab8b, 0xabab, 0xabab, 0xb38b, 
	0xab8b, 0xab8a, 0xab6a, 0xab6a, 0xab6a, 0xab8b, 0xb38b, 0xb38b, 0xb38c, 0xb3ac, 0xb3ac, 0xb3ab, 0xb3cc, 0xbbcc, 0xbbec, 0xb3ec, 
	0xbc2c, 0xabec, 0xbc8f, 0xcd11, 0xcd51, 0xd572, 0xcd72, 0xd592, 0xcd92, 0xcd92, 0xcd92, 0xcd92, 0xcd92, 0xcd92, 0xcd92, 0xcd92, 
	0xcd92, 0xcd92, 0xcd31, 0x61a3, 0x6183, 0x69a3, 0x69c3, 0x69c3, 0x69c4, 0x71e4, 0x7205, 0x7225, 0x7a45, 0x7a46, 0x8266, 0x8266, 
	0x8266, 0x8266, 0x8246, 0x8246, 0x8246, 0x8246, 0x8266, 0x8266, 0x8a65, 0x8265, 0x8225, 0x7a05, 0x8205, 0x7a05, 0x7a04, 0x7a25, 
	0x8225, 0x8225, 0x8245, 0x8246, 0x8246, 0x8246, 0x8246, 0x8246, 0x8246, 0x8266, 0x8266, 0x8266, 0x8a66, 0x8a86, 0x8a86, 0x8a66, 
	0x8286, 0x8266, 0x8266, 0x8266, 0x7a65, 0x7a45, 0x7a45, 0x7a45, 0x7a25, 0x7a05, 0x7205, 0x7205, 0x7205, 0x7a05, 0x7a25, 0x7a25, 
	0x7a25, 0x7a26, 0x7a46, 0x7a46, 0x7a66, 0x8266, 0x8ac8, 0x9309, 0x9b6a, 0xa36b, 0x51a6, 0x0000, 0x0000, 0x0000, 0x0000, 0x0000, 
	0x0000, 0x0000, 0x0000, 0x0000, 0x0000, 0x0000, 0x0000, 0x0000, 0x0000, 0x0000, 0x0000, 0x0000, 0x0000, 0x0000, 0x0000, 0x0000, 
	0x0000, 0x0000, 0x0000, 0x0000, 0x0000, 0x0000, 0x0000, 0x0000, 0x0000, 0x0000, 0x0000, 0x0000, 0x0000, 0x0000, 0x0000, 0x0000, 
	0x0000, 0x0000, 0x0000, 0x0000, 0x0000, 0x51e5, 0xab8a, 0xab8a, 0xab8a, 0xab8a, 0xab8a, 0xabaa, 0xab8a, 0xab8a, 0xab8a, 0xab8a, 
	0xb36a, 0xb36a, 0xab6a, 0xab6a, 0xb3ab, 0xb3ac, 0xb38c, 0xb38c, 0xb38b, 0xb38b, 0xb38c, 0xbbac, 0xbbec, 0xc3ec, 0xbbec, 0xbbec, 
	0xbc2d, 0xa36a, 0xb42d, 0xc4f0, 0xcd51, 0xd552, 0xcd72, 0xcd72, 0xcd92, 0xcd93, 0xcd92, 0xcd92, 0xcd92, 0xcd92, 0xcd92, 0xcd92, 
	0xcd92, 0xcd92, 0xbcd0, 0x6182, 0x6182, 0x6183, 0x61a3, 0x61a3, 0x69c4, 0x69c4, 0x71e4, 0x7205, 0x7a05, 0x7a46, 0x8246, 0x8266, 
	0x8246, 0x8246, 0x8246, 0x8246, 0x8246, 0x8246, 0x8a46, 0x8a46, 0x8a46, 0x8a46, 0x8245, 0x8205, 0x7a05, 0x79e5, 0x7a04, 0x8225, 
	0x8225, 0x8245, 0x8245, 0x8246, 0x8265, 0x8265, 0x8246, 0x8246, 0x8246, 0x8266, 0x8266, 0x8266, 0x8a86, 0x8a86, 0x8a87, 0x8266, 
	0x8266, 0x8266, 0x8266, 0x7a46, 0x7a46, 0x7a45, 0x7a45, 0x7a25, 0x7a25, 0x7205, 0x7205, 0x7205, 0x7205, 0x7205, 0x7a25, 0x7a25, 
	0x7a25, 0x7a26, 0x7a45, 0x7a46, 0x8266, 0x8287, 0x8ac8, 0x8ae8, 0x9b4a, 0x9b6a, 0x49a5, 0x0000, 0x0000, 0x0000, 0x0000, 0x0000, 
	0x0000, 0x0000, 0x0000, 0x0000, 0x0000, 0x0000, 0x0000, 0x0000, 0x0000, 0x0000, 0x0000, 0x0000, 0x0000, 0x0000, 0x0000, 0x0000, 
	0x0000, 0x0000, 0x0000, 0x0000, 0x0000, 0x0000, 0x0000, 0x0000, 0x0000, 0x0000, 0x0000, 0x0000, 0x0000, 0x0000, 0x0000, 0x0000, 
	0x0000, 0x0000, 0x0000, 0x0000, 0x0000, 0x59e5, 0xab8a, 0xab8a, 0xaba9, 0xaba9, 0xab8a, 0xabab, 0xabab, 0xabab, 0xabab, 0xab8a, 
	0xab6a, 0xab6a, 0xab6a, 0xab6a, 0xb3ab, 0xb3ac, 0xb38c, 0xb38c, 0xb38b, 0xb3cc, 0xbbcc, 0xbbec, 0xc3ec, 0xc3ec, 0xbbec, 0xbbec, 
	0xbc2c, 0xa349, 0xabcb, 0xbcaf, 0xcd30, 0xcd52, 0xcd72, 0xcd72, 0xcd73, 0xcd72, 0xcd72, 0xcd72, 0xd592, 0xcd92, 0xcd92, 0xcd72, 
	0xcd92, 0xcd92, 0xb48f, 0x6182, 0x6162, 0x5962, 0x5962, 0x6182, 0x6183, 0x69a3, 0x69c4, 0x71e4, 0x7205, 0x7a25, 0x7a46, 0x8246, 
	0x8246, 0x8246, 0x8246, 0x8246, 0x8246, 0x8246, 0x8a46, 0x8a46, 0x8a46, 0x8a46, 0x8246, 0x8225, 0x79e4, 0x79c4, 0x7a04, 0x8225, 
	0x8225, 0x8245, 0x8245, 0x8246, 0x8245, 0x8245, 0x8266, 0x8246, 0x8246, 0x8266, 0x8266, 0x8266, 0x8266, 0x8286, 0x8286, 0x8266, 
	0x8266, 0x7a66, 0x7a66, 0x7a26, 0x7a25, 0x7225, 0x7225, 0x7205, 0x7205, 0x7205, 0x7204, 0x7205, 0x7204, 0x7205, 0x7a25, 0x7a46, 
	0x7a46, 0x7a46, 0x7a45, 0x7a46, 0x7a66, 0x8287, 0x8ac8, 0x8ae8, 0x9309, 0x9329, 0x4985, 0x0000, 0x0000, 0x0000, 0x0000, 0x0000, 
	0x0000, 0x0000, 0x0000, 0x0000, 0x0000, 0x0000, 0x0000, 0x0000, 0x0000, 0x0000, 0x0000, 0x0000, 0x0000, 0x0000, 0x0000, 0x0000, 
	0x0000, 0x0000, 0x0000, 0x0000, 0x0000, 0x0000, 0x0000, 0x0000, 0x0000, 0x0000, 0x0000, 0x0000, 0x0000, 0x0000, 0x0000, 0x0000, 
	0x0000, 0x0000, 0x0000, 0x0000, 0x0000, 0x59e5, 0xab8a, 0xab89, 0xabaa, 0xabaa, 0xb3aa, 0xb3aa, 0xb3aa, 0xb3aa, 0xb38a, 0xb38a, 
	0xb36a, 0xb36a, 0xb36a, 0xb36a, 0xb38a, 0xb38b, 0xb38b, 0xb38b, 0xb38b, 0xbbcc, 0xbbcb, 0xbbec, 0xc3ec, 0xbbcb, 0xbbcb, 0xbbeb, 
	0xb3cb, 0x9b28, 0x8266, 0x7a45, 0x82c7, 0x8309, 0x7b09, 0x832a, 0x8b6a, 0x8b8b, 0x9bec, 0xa42d, 0xac6e, 0xb48f, 0xbccf, 0xbcd0, 
	0xc531, 0xcd31, 0xac0d, 0x5962, 0x5121, 0x5921, 0x5121, 0x5121, 0x5101, 0x5101, 0x5962, 0x69a4, 0x69c4, 0x7205, 0x7a26, 0x7a46, 
	0x8246, 0x8246, 0x8246, 0x8246, 0x8226, 0x8226, 0x8226, 0x8226, 0x8225, 0x8a46, 0x8225, 0x8205, 0x71c4, 0x71a3, 0x79c4, 0x79e5, 
	0x8225, 0x8245, 0x8246, 0x8246, 0x8246, 0x8245, 0x8246, 0x8266, 0x8246, 0x8266, 0x8266, 0x8266, 0x8266, 0x8266, 0x8266, 0x8266, 
	0x7a66, 0x7a45, 0x7a45, 0x7225, 0x71e4, 0x71e4, 0x71e4, 0x69c4, 0x69c4, 0x69c4, 0x69e4, 0x69e4, 0x71e4, 0x7204, 0x7a26, 0x7a46, 
	0x7a46, 0x7a46, 0x7a46, 0x7a46, 0x8266, 0x82a7, 0x8ac8, 0x8ae8, 0x9309, 0x9309, 0x4965, 0x0000, 0x0000, 0x0000, 0x0000, 0x0000, 
	0x0000, 0x0000, 0x0000, 0x0000, 0x0000, 0x0000, 0x0000, 0x0000, 0x0000, 0x0000, 0x0000, 0x0000, 0x0000, 0x0000, 0x0000, 0x0000, 
	0x0000, 0x0000, 0x0000, 0x0000, 0x0000, 0x0000, 0x0000, 0x0000, 0x0000, 0x0000, 0x0000, 0x0000, 0x0000, 0x0000, 0x0000, 0x0000, 
	0x0000, 0x0000, 0x0000, 0x0000, 0x0000, 0x59e5, 0xabaa, 0xab89, 0xabaa, 0xb3aa, 0xb3aa, 0xb3aa, 0xb3ab, 0xb3ab, 0xb38a, 0xb38a, 
	0xb38a, 0xb38a, 0xb36a, 0xb36a, 0xab6a, 0xb38a, 0xab6a, 0xab6a, 0xab6a, 0xb38b, 0xbbab, 0xbbab, 0xbbab, 0xb3aa, 0xb3aa, 0xb3aa, 
	0xab69, 0x9ae8, 0x7a04, 0x71c4, 0x69e4, 0x59e5, 0x4984, 0x51e5, 0x4983, 0x51c4, 0x59c4, 0x59c4, 0x59c4, 0x61e4, 0x61e5, 0x6a05, 
	0x7225, 0x7225, 0x71e5, 0x6162, 0x5101, 0x5100, 0x5100, 0x50e0, 0x48a0, 0x4080, 0x4080, 0x5101, 0x6184, 0x69a4, 0x71e5, 0x71e5, 
	0x7a05, 0x7a05, 0x7a25, 0x7a25, 0x8205, 0x8205, 0x8205, 0x8205, 0x8225, 0x8225, 0x8225, 0x79e5, 0x79c4, 0x79a4, 0x79c4, 0x81e5, 
	0x8205, 0x8225, 0x8225, 0x8245, 0x8245, 0x8225, 0x8226, 0x8246, 0x8246, 0x8266, 0x8266, 0x8266, 0x8266, 0x8246, 0x7a46, 0x7a25, 
	0x7a25, 0x7a25, 0x7a25, 0x7205, 0x69e4, 0x69e4, 0x69c4, 0x69a4, 0x6183, 0x61a3, 0x69c3, 0x69c4, 0x69e4, 0x7204, 0x7a25, 0x7a45, 
	0x7a46, 0x7a46, 0x7a46, 0x8266, 0x8266, 0x82a7, 0x8ae8, 0x8ae8, 0x8ae8, 0x82c8, 0x4164, 0x0000, 0x0000, 0x0000, 0x0000, 0x0000, 
	0x0000, 0x0000, 0x0000, 0x0000, 0x0000, 0x0000, 0x0000, 0x0000, 0x0000, 0x0000, 0x0000, 0x0000, 0x0000, 0x0000, 0x0000, 0x0000, 
	0x0000, 0x0000, 0x0000, 0x0000, 0x0000, 0x0000, 0x0000, 0x0000, 0x0000, 0x0000, 0x0000, 0x0000, 0x0000, 0x0000, 0x0000, 0x0000, 
	0x0000, 0x0000, 0x0000, 0x0000, 0x0000, 0x59c5, 0xabaa, 0xabaa, 0xb3aa, 0xb3aa, 0xb3aa, 0xb3aa, 0xb3aa, 0xb3aa, 0xb3aa, 0xb38a, 
	0xb36a, 0xb36a, 0xb36a, 0xb36a, 0xb36a, 0xb349, 0xab49, 0xab49, 0xab4a, 0xb36a, 0xb36a, 0xb38a, 0xb389, 0xb38a, 0xb3aa, 0xab69, 
	0xa348, 0x92c7, 0x79e4, 0x71c3, 0x69c4, 0x59e4, 0x4984, 0x51c5, 0x4983, 0x5183, 0x51c4, 0x59c4, 0x59c4, 0x61c4, 0x69c4, 0x69c4, 
	0x69e4, 0x69e4, 0x71c3, 0x6162, 0x5100, 0x5100, 0x5100, 0x50e0, 0x5101, 0x5101, 0x48a1, 0x3840, 0x4060, 0x5902, 0x6163, 0x6983, 
	0x71a4, 0x71c4, 0x71c4, 0x71c4, 0x71c4, 0x79c5, 0x79e5, 0x81e5, 0x8205, 0x8205, 0x8205, 0x79e5, 0x79c4, 0x79c4, 0x79e5, 0x81e5, 
	0x8205, 0x8225, 0x8226, 0x8226, 0x8225, 0x8225, 0x8225, 0x8226, 0x8246, 0x8246, 0x8246, 0x8246, 0x8246, 0x8246, 0x7a46, 0x7a25, 
	0x7a05, 0x7205, 0x69e4, 0x69a4, 0x6163, 0x5102, 0x48e0, 0x48e1, 0x5100, 0x5121, 0x5982, 0x61a3, 0x69c3, 0x71e4, 0x7a25, 0x7a45, 
	0x7a46, 0x7a46, 0x7a46, 0x8266, 0x8287, 0x82a7, 0x8ac8, 0x82c8, 0x82c7, 0x7a87, 0x3944, 0x0000, 0x0000, 0x0000, 0x0000, 0x0000, 
	0x0000, 0x0000, 0x0000, 0x0000, 0x0000, 0x0000, 0x0000, 0x0000, 0x0000, 0x0000, 0x0000, 0x0000, 0x0000, 0x0000, 0x0000, 0x0000, 
	0x0000, 0x0000, 0x0000, 0x0000, 0x0000, 0x0000, 0x0000, 0x0000, 0x0000, 0x0000, 0x0000, 0x0000, 0x0000, 0x0000, 0x0000, 0x0000, 
	0x0000, 0x0000, 0x0000, 0x0000, 0x0000, 0x59e5, 0xabaa, 0xabaa, 0xab89, 0xb389, 0xb3aa, 0xb3aa, 0xb38a, 0xb38a, 0xb38a, 0xab6a, 
	0xb36a, 0xb36a, 0xb34a, 0xab49, 0xab49, 0xab29, 0xab29, 0xab29, 0xab29, 0xab4a, 0xab49, 0xb349, 0xb389, 0xb389, 0xb369, 0xab28, 
	0x9ae7, 0x9286, 0x79c3, 0x71c3, 0x69c3, 0x59c4, 0x5184, 0x51a4, 0x4983, 0x4963, 0x51a4, 0x59c4, 0x59a4, 0x59c4, 0x61c4, 0x61c4, 
	0x69c3, 0x69c3, 0x69c3, 0x6182, 0x5921, 0x5100, 0x5100, 0x5901, 0x5921, 0x5921, 0x5101, 0x48c1, 0x3840, 0x4880, 0x50e1, 0x50e1, 
	0x5902, 0x6122, 0x6943, 0x6963, 0x6963, 0x7184, 0x7184, 0x79a4, 0x79a4, 0x81c4, 0x81c5, 0x7984, 0x7184, 0x79a4, 0x81e5, 0x8205, 
	0x8205, 0x8225, 0x8205, 0x7a05, 0x79e5, 0x79e4, 0x79e4, 0x79e4, 0x7a05, 0x7a05, 0x7a25, 0x7a25, 0x7a05, 0x7205, 0x71e4, 0x71e4, 
	0x69c4, 0x69a4, 0x5943, 0x50e3, 0x4060, 0x4060, 0x48a0, 0x48e0, 0x5121, 0x5121, 0x5141, 0x5962, 0x6182, 0x69c4, 0x7205, 0x7a25, 
	0x7a46, 0x8266, 0x7a66, 0x8286, 0x8287, 0x8287, 0x82a7, 0x82a7, 0x7a87, 0x7a87, 0x3943, 0x0000, 0x0000, 0x0000, 0x0000, 0x0000, 
	0x0000, 0x0000, 0x0000, 0x0000, 0x0000, 0x0000, 0x0000, 0x0000, 0x0000, 0x0000, 0x0000, 0x0000, 0x0000, 0x0000, 0x0000, 0x0000, 
	0x0000, 0x0000, 0x0000, 0x0000, 0x0000, 0x0000, 0x0000, 0x0000, 0x0000, 0x0000, 0x0000, 0x0000, 0x0000, 0x0000, 0x0000, 0x0000, 
	0x0000, 0x0000, 0x0000, 0x0000, 0x0000, 0x59c5, 0xabaa, 0xabaa, 0xb389, 0xb389, 0xab69, 0xab69, 0xab69, 0xab69, 0xab49, 0xab49, 
	0xab49, 0xab6a, 0xb329, 0xab09, 0xab09, 0xab09, 0xab09, 0xab29, 0xab29, 0xb349, 0xb349, 0xb369, 0xb36a, 0xb369, 0xab28, 0xa2e7, 
	0x9266, 0x8204, 0x79a3, 0x71a3, 0x69a3, 0x59a4, 0x51a3, 0x51a3, 0x4983, 0x4963, 0x4963, 0x51a3, 0x59a3, 0x59a4, 0x61c3, 0x61c4, 
	0x61c3, 0x69c3, 0x69e3, 0x61a2, 0x6161, 0x5100, 0x5100, 0x5921, 0x5941, 0x5942, 0x5942, 0x5942, 0x50e1, 0x48a0, 0x48c1, 0x50c1, 
	0x50c1, 0x58e1, 0x58e1, 0x5901, 0x6102, 0x6102, 0x6122, 0x6922, 0x6942, 0x7163, 0x7963, 0x7143, 0x7142, 0x7984, 0x81e5, 0x81e5, 
	0x8205, 0x8205, 0x79e5, 0x79c4, 0x79a4, 0x71a4, 0x71a4, 0x71a4, 0x71c4, 0x71c4, 0x71c4, 0x71c4, 0x6983, 0x6983, 0x6163, 0x5942, 
	0x5922, 0x5102, 0x48c2, 0x3820, 0x4081, 0x50e2, 0x50e1, 0x5101, 0x5101, 0x5121, 0x5141, 0x5942, 0x6182, 0x69c3, 0x71e4, 0x7a25, 
	0x7a25, 0x8266, 0x8266, 0x8286, 0x8287, 0x82a7, 0x82a7, 0x7a86, 0x7a66, 0x7266, 0x3923, 0x0000, 0x0000, 0x0000, 0x0000, 0x0000, 
	0x0000, 0x0000, 0x0000, 0x0000, 0x0000, 0x0000, 0x0000, 0x0000, 0x0000, 0x0000, 0x0000, 0x0000, 0x0000, 0x0000, 0x0000, 0x0000, 
	0x0000, 0x0000, 0x0000, 0x0000, 0x0000, 0x0000, 0x0000, 0x0000, 0x0000, 0x0000, 0x0000, 0x0000, 0x0000, 0x0000, 0x0000, 0x0000, 
	0x0000, 0x0000, 0x0000, 0x0000, 0x0000, 0x59e5, 0xabaa, 0xab89, 0xab89, 0xab69, 0xab49, 0xab49, 0xab49, 0xab49, 0xab49, 0xab49, 
	0xab49, 0xab49, 0xab29, 0xab09, 0xaae8, 0xa2e8, 0xa2e8, 0xaae8, 0xab29, 0xab29, 0xb349, 0xab49, 0xab28, 0xa2e7, 0x9ac7, 0x9286, 
	0x8224, 0x79a3, 0x71a3, 0x79a3, 0x6983, 0x61a4, 0x5183, 0x51a3, 0x5183, 0x4162, 0x4962, 0x4942, 0x59a3, 0x59a3, 0x59a3, 0x61a4, 
	0x61c3, 0x69c3, 0x69c3, 0x69c3, 0x6162, 0x5941, 0x5900, 0x5921, 0x5942, 0x5942, 0x5942, 0x5963, 0x5942, 0x5922, 0x50e1, 0x50c1, 
	0x58c2, 0x58e1, 0x58e1, 0x58e1, 0x58e1, 0x58e1, 0x60e1, 0x60e2, 0x60e2, 0x60e2, 0x6102, 0x6902, 0x6923, 0x7143, 0x79a4, 0x79a4, 
	0x71a4, 0x7184, 0x6963, 0x6943, 0x6943, 0x6923, 0x6143, 0x6143, 0x6143, 0x6142, 0x6122, 0x5922, 0x5902, 0x5902, 0x58e1, 0x50c1, 
	0x50c1, 0x48a1, 0x4880, 0x50c1, 0x5922, 0x5942, 0x5942, 0x5942, 0x5942, 0x5942, 0x5141, 0x5942, 0x6182, 0x69a3, 0x71e4, 0x7a05, 
	0x7a25, 0x7a46, 0x8266, 0x8286, 0x8287, 0x7a87, 0x7a66, 0x7266, 0x7266, 0x7266, 0x3103, 0x0000, 0x0000, 0x0000, 0x0000, 0x0000, 
	0x0000, 0x0000, 0x0000, 0x0000, 0x0000, 0x0000, 0x0000, 0x0000, 0x0000, 0x0000, 0x0000, 0x0000, 0x0000, 0x0000, 0x0000, 0x0000, 
	0x0000, 0x0000, 0x0000, 0x0000, 0x0000, 0x0000, 0x0000, 0x0000, 0x0000, 0x0000, 0x0000, 0x0000, 0x0000, 0x0000, 0x0000, 0x0000, 
	0x0000, 0x0000, 0x0000, 0x0000, 0x0000, 0x59e5, 0xabaa, 0xab89, 0xab89, 0xab69, 0xab49, 0xab49, 0xab49, 0xab29, 0xa328, 0xa328, 
	0xa308, 0xa308, 0xa308, 0xa2e8, 0xa2c8, 0xa2c7, 0xa2c7, 0xa2c8, 0xa2e8, 0xa2e8, 0xa2c7, 0xa2c7, 0x9aa7, 0x9a86, 0x9265, 0x8204, 
	0x79a3, 0x79a3, 0x71a3, 0x71a3, 0x6983, 0x61a3, 0x5183, 0x51a3, 0x51a4, 0x4142, 0x4962, 0x3901, 0x5183, 0x5983, 0x59a3, 0x61a4, 
	0x61c3, 0x69c3, 0x69c3, 0x69c3, 0x69a3, 0x6162, 0x5941, 0x5941, 0x5942, 0x6162, 0x6162, 0x6162, 0x6163, 0x6143, 0x5942, 0x5902, 
	0x50c1, 0x58c1, 0x58e1, 0x58e1, 0x58e1, 0x58e2, 0x58e2, 0x60e2, 0x60e2, 0x60e2, 0x60c2, 0x60e1, 0x6102, 0x6922, 0x6923, 0x6102, 
	0x6102, 0x6102, 0x60e2, 0x60e2, 0x60e2, 0x60e2, 0x58e2, 0x5902, 0x58e2, 0x58e2, 0x58e2, 0x58e1, 0x58c1, 0x50c1, 0x4880, 0x4040, 
	0x4860, 0x50c2, 0x6143, 0x6163, 0x6184, 0x6184, 0x6183, 0x6162, 0x5962, 0x5942, 0x5962, 0x6182, 0x6182, 0x69a3, 0x71e4, 0x7205, 
	0x7a25, 0x7a46, 0x8266, 0x8286, 0x7a86, 0x7266, 0x7246, 0x7246, 0x7246, 0x6a25, 0x30e3, 0x0000, 0x0000, 0x0000, 0x0000, 0x0000, 
	0x0000, 0x0000, 0x0000, 0x0000, 0x0000, 0x0000, 0x0000, 0x0000, 0x0000, 0x0000, 0x0000, 0x0000, 0x0000, 0x0000, 0x0000, 0x0000, 
	0x0000, 0x0000, 0x0000, 0x0000, 0x0000, 0x0000, 0x0000, 0x0000, 0x0000, 0x0000, 0x0000, 0x0000, 0x0000, 0x0000, 0x0000, 0x0000, 
	0x0000, 0x0000, 0x0000, 0x0000, 0x0000, 0x59a4, 0xab89, 0xab89, 0xab69, 0xa329, 0xa328, 0xa328, 0xa308, 0xa308, 0xa308, 0xa2e8, 
	0xa2e8, 0xa2e8, 0xa2c8, 0x9aa7, 0x9a87, 0x9a86, 0x9a66, 0x9a66, 0x9a66, 0x9a86, 0x9266, 0x9266, 0x9245, 0x8a04, 0x81e3, 0x79a3, 
	0x79a3, 0x79a3, 0x71a3, 0x7183, 0x6983, 0x5983, 0x5183, 0x51a3, 0x51a4, 0x4142, 0x4142, 0x38e1, 0x3901, 0x5183, 0x5983, 0x5983, 
	0x61a3, 0x61a3, 0x69c3, 0x69c3, 0x69a3, 0x69a2, 0x6182, 0x5941, 0x5942, 0x6162, 0x6183, 0x6183, 0x6183, 0x6183, 0x6983, 0x6983, 
	0x6143, 0x58e1, 0x50c1, 0x50a1, 0x50a0, 0x58a1, 0x58a1, 0x58c1, 0x60e2, 0x60e2, 0x60e2, 0x58c1, 0x60c2, 0x60e2, 0x60e2, 0x58c1, 
	0x58e1, 0x60e2, 0x60e2, 0x60e2, 0x60e2, 0x60e2, 0x58e2, 0x58c2, 0x58c1, 0x5081, 0x5060, 0x4860, 0x4860, 0x5080, 0x50c1, 0x5902, 
	0x6143, 0x6984, 0x69a4, 0x69c4, 0x69c3, 0x69a3, 0x69a4, 0x6183, 0x6183, 0x6162, 0x61a3, 0x61a3, 0x69a3, 0x69c3, 0x71e4, 0x7205, 
	0x7a25, 0x7a46, 0x7a66, 0x7a86, 0x7266, 0x7245, 0x7245, 0x7246, 0x7246, 0x61e4, 0x28e2, 0x0000, 0x0000, 0x0000, 0x0000, 0x0000, 
	0x0000, 0x0000, 0x0000, 0x0000, 0x0000, 0x0000, 0x0000, 0x0000, 0x0000, 0x0000, 0x0000, 0x0000, 0x0000, 0x0000, 0x0000, 0x0000, 
	0x0000, 0x0000, 0x0000, 0x0000, 0x0000, 0x0000, 0x0000, 0x0000, 0x0000, 0x0000, 0x0000, 0x0000, 0x0000, 0x0000, 0x0000, 0x0000, 
	0x0000, 0x0000, 0x0000, 0x0000, 0x0000, 0x5184, 0xa349, 0xa349, 0xa328, 0xa308, 0x9b08, 0x9b08, 0xa2e8, 0x9ac7, 0x9ac7, 0x9aa7, 
	0x92a7, 0x92a7, 0x9286, 0x9246, 0x9246, 0x9225, 0x9245, 0x9225, 0x9245, 0x9225, 0x8a04, 0x81e4, 0x81c3, 0x79a3, 0x7182, 0x7183, 
	0x7983, 0x79a3, 0x71a3, 0x71a3, 0x6983, 0x6182, 0x5183, 0x4983, 0x4983, 0x4142, 0x4142, 0x3901, 0x30a0, 0x4942, 0x5983, 0x5983, 
	0x5983, 0x6183, 0x69a3, 0x69c2, 0x69c3, 0x69a3, 0x61a3, 0x6182, 0x6162, 0x6162, 0x6183, 0x6183, 0x6183, 0x6183, 0x69a3, 0x69a3, 
	0x69a3, 0x6962, 0x6122, 0x6122, 0x6102, 0x58c1, 0x58a1, 0x5080, 0x5080, 0x58a1, 0x60c2, 0x58c1, 0x58a1, 0x5881, 0x58c1, 0x60e2, 
	0x6102, 0x58e2, 0x6102, 0x58e2, 0x58c1, 0x5080, 0x4840, 0x4840, 0x5081, 0x5881, 0x58a1, 0x60e2, 0x6102, 0x6123, 0x6943, 0x6983, 
	0x71c4, 0x7205, 0x71e4, 0x71e4, 0x69c4, 0x69a3, 0x69a3, 0x61a3, 0x61a3, 0x61a3, 0x69c3, 0x69c4, 0x69c3, 0x69c3, 0x71e4, 0x7205, 
	0x7225, 0x7a46, 0x7a66, 0x7a66, 0x7245, 0x7245, 0x7225, 0x7246, 0x61e4, 0x59c4, 0x28e2, 0x0000, 0x0000, 0x0000, 0x0000, 0x0000, 
	0x0000, 0x0000, 0x0000, 0x0000, 0x0000, 0x0000, 0x0000, 0x0000, 0x0000, 0x0000, 0x0000, 0x0000, 0x0000, 0x0000, 0x0000, 0x0000, 
	0x0000, 0x0000, 0x0000, 0x0000, 0x0000, 0x0000, 0x0000, 0x0000, 0x0000, 0x0000, 0x0000, 0x0000, 0x0000, 0x0000, 0x0000, 0x0000, 
	0x0000, 0x0000, 0x0000, 0x0000, 0x0000, 0x5164, 0x9ae8, 0x9ae8, 0x9ac7, 0x9ac7, 0x92c7, 0x92a7, 0x92a7, 0x9286, 0x9286, 0x8a66, 
	0x8a66, 0x8a66, 0x8a45, 0x8a25, 0x8225, 0x8205, 0x8205, 0x81e4, 0x81e4, 0x81e4, 0x79a3, 0x7983, 0x7182, 0x7182, 0x7182, 0x7183, 
	0x7983, 0x79a3, 0x71a3, 0x7183, 0x7183, 0x6182, 0x5183, 0x4983, 0x4984, 0x4142, 0x3921, 0x4122, 0x3080, 0x30a0, 0x5163, 0x5183, 
	0x59a3, 0x5983, 0x61a3, 0x61c3, 0x61c3, 0x69c3, 0x69a3, 0x61a3, 0x6183, 0x6182, 0x6183, 0x6183, 0x6183, 0x61a3, 0x69a3, 0x69a3, 
	0x69a3, 0x71a3, 0x6983, 0x6983, 0x7163, 0x6923, 0x6102, 0x60e2, 0x6102, 0x6102, 0x60c2, 0x58a1, 0x5080, 0x5080, 0x5880, 0x5881, 
	0x58a1, 0x5881, 0x5080, 0x58a1, 0x58a1, 0x60c2, 0x58c2, 0x6903, 0x6923, 0x6923, 0x6943, 0x6963, 0x6964, 0x6984, 0x71a4, 0x79e5, 
	0x7a05, 0x7205, 0x7205, 0x69e4, 0x69e4, 0x69c4, 0x69c4, 0x69a3, 0x61a3, 0x69c4, 0x69c4, 0x69e4, 0x69c3, 0x69e4, 0x7204, 0x7205, 
	0x7225, 0x7225, 0x7245, 0x7246, 0x7245, 0x7245, 0x7245, 0x6a45, 0x51c3, 0x59e4, 0x28e2, 0x0000, 0x0000, 0x0000, 0x0000, 0x0000, 
	0x0000, 0x0000, 0x0000, 0x0000, 0x0000, 0x0000, 0x0000, 0x0000, 0x0000, 0x0000, 0x0000, 0x0000, 0x0000, 0x0000, 0x0000, 0x0000, 
	0x0000, 0x0000, 0x0000, 0x0000, 0x0000, 0x0000, 0x0000, 0x0000, 0x0000, 0x0000, 0x0000, 0x0000, 0x0000, 0x0000, 0x0000, 0x0000, 
	0x0000, 0x0000, 0x0000, 0x0000, 0x0000, 0x4964, 0x9ac7, 0x92a7, 0x92a6, 0x8a86, 0x8a66, 0x8a66, 0x8a65, 0x8245, 0x8245, 0x8225, 
	0x8225, 0x8205, 0x81e4, 0x79e4, 0x79e4, 0x79e4, 0x71c3, 0x71a3, 0x71a3, 0x7183, 0x7182, 0x7162, 0x7183, 0x7183, 0x71a3, 0x71a3, 
	0x71a3, 0x71a3, 0x7183, 0x7183, 0x6983, 0x5962, 0x5182, 0x4983, 0x4983, 0x4122, 0x3901, 0x4122, 0x30a0, 0x30a0, 0x3901, 0x51a3, 
	0x5183, 0x5983, 0x5983, 0x61a3, 0x61a3, 0x61a3, 0x61a3, 0x69a3, 0x61a3, 0x61a3, 0x6183, 0x6183, 0x6183, 0x61a3, 0x69a3, 0x69a3, 
	0x69a3, 0x71a3, 0x71a3, 0x7183, 0x7183, 0x7163, 0x6963, 0x7143, 0x6943, 0x7163, 0x7143, 0x6923, 0x6903, 0x60e2, 0x60c1, 0x60c1, 
	0x60c1, 0x60e2, 0x6902, 0x6943, 0x7143, 0x7163, 0x7163, 0x7163, 0x7163, 0x7164, 0x7184, 0x71a5, 0x79c5, 0x79e5, 0x79e5, 0x7a05, 
	0x7a05, 0x7a05, 0x71e4, 0x69e4, 0x69e4, 0x69c3, 0x69c4, 0x69c4, 0x69c4, 0x69e4, 0x69e4, 0x69e4, 0x69e4, 0x69e4, 0x7204, 0x7205, 
	0x7225, 0x7225, 0x7225, 0x7245, 0x7245, 0x7245, 0x7245, 0x61e4, 0x51a3, 0x59e4, 0x30e3, 0x0000, 0x0000, 0x0000, 0x0000, 0x0000, 
	0x0000, 0x0000, 0x0000, 0x0000, 0x0000, 0x0000, 0x0000, 0x0000, 0x0000, 0x0000, 0x0000, 0x0000, 0x0000, 0x0000, 0x0000, 0x0000, 
	0x0000, 0x0000, 0x0000, 0x0000, 0x0000, 0x0000, 0x0000, 0x0000, 0x0000, 0x0000, 0x0000, 0x0000, 0x0000, 0x0000, 0x0000, 0x0000, 
	0x0000, 0x0000, 0x0000, 0x0000, 0x0000, 0x4964, 0x9287, 0x9286, 0x8a66, 0x8225, 0x8225, 0x8205, 0x7a25, 0x7a04, 0x7a04, 0x7a04, 
	0x7a04, 0x7204, 0x71e4, 0x71c4, 0x69a3, 0x6982, 0x6942, 0x6942, 0x6942, 0x6942, 0x6962, 0x7182, 0x7183, 0x7183, 0x71a3, 0x71a3, 
	0x71a3, 0x71a3, 0x7183, 0x7183, 0x6982, 0x5962, 0x5183, 0x4983, 0x4983, 0x4122, 0x3902, 0x4142, 0x30c1, 0x30a0, 0x30a0, 0x4121, 
	0x5183, 0x5983, 0x5983, 0x59a3, 0x61a3, 0x61a3, 0x61a3, 0x69a3, 0x61a3, 0x61a3, 0x61a3, 0x61a3, 0x6183, 0x61a3, 0x69a3, 0x69a3, 
	0x69a3, 0x69a3, 0x69a3, 0x7183, 0x71a3, 0x7183, 0x7183, 0x7183, 0x7163, 0x7163, 0x7163, 0x7163, 0x7163, 0x7163, 0x7163, 0x7163, 
	0x7163, 0x7163, 0x7184, 0x7183, 0x7183, 0x7183, 0x7184, 0x71a3, 0x71a4, 0x79a4, 0x79c4, 0x79e5, 0x79e5, 0x79e5, 0x7a05, 0x7a05, 
	0x7205, 0x71e4, 0x69e4, 0x69e4, 0x69c4, 0x69c4, 0x69c4, 0x69c4, 0x69e4, 0x69e4, 0x69e4, 0x69e4, 0x7204, 0x7204, 0x7205, 0x7205, 
	0x7205, 0x7225, 0x7225, 0x7225, 0x7246, 0x7225, 0x6a25, 0x59a3, 0x51a3, 0x59e4, 0x30e3, 0x0000, 0x0000, 0x0000, 0x0000, 0x0000, 
	0x0000, 0x0000, 0x0000, 0x0000, 0x0000, 0x0000, 0x0000, 0x0000, 0x0000, 0x0000, 0x0000, 0x0000, 0x0000, 0x0000, 0x0000, 0x0000, 
	0x0000, 0x0000, 0x0000, 0x0000, 0x0000, 0x0000, 0x0000, 0x0000, 0x0000, 0x0000, 0x0000, 0x0000, 0x0000, 0x0000, 0x0000, 0x0000, 
	0x0000, 0x0000, 0x0000, 0x0000, 0x0000, 0x4923, 0x8a86, 0x8266, 0x7a25, 0x7a25, 0x7a05, 0x79e5, 0x79e5, 0x7205, 0x71e5, 0x7246, 
	0x7aa7, 0x7a87, 0x8b09, 0x6a04, 0x6142, 0x6121, 0x6121, 0x6121, 0x6921, 0x6942, 0x6962, 0x7162, 0x7183, 0x7183, 0x71a3, 0x71a3, 
	0x71a3, 0x71a3, 0x71a3, 0x71a3, 0x6982, 0x5962, 0x5182, 0x4982, 0x4983, 0x4122, 0x38e1, 0x4102, 0x38e1, 0x3080, 0x3080, 0x3080, 
	0x5183, 0x5982, 0x5983, 0x59a3, 0x61a3, 0x61a3, 0x61c3, 0x61c3, 0x69c3, 0x69c3, 0x69a3, 0x61c3, 0x69a3, 0x69a3, 0x69a3, 0x69a3, 
	0x69a3, 0x69a3, 0x69a3, 0x71a3, 0x71a3, 0x71a3, 0x71a3, 0x7183, 0x7183, 0x7183, 0x7183, 0x7183, 0x7183, 0x7183, 0x7183, 0x7183, 
	0x7183, 0x7183, 0x7183, 0x7183, 0x7183, 0x71a3, 0x71a4, 0x79c4, 0x79c4, 0x79c4, 0x79e4, 0x79e5, 0x7a05, 0x7a04, 0x7a04, 0x71e4, 
	0x71e4, 0x71e4, 0x71c4, 0x71c4, 0x69c4, 0x69c4, 0x69c4, 0x71e4, 0x71e4, 0x69e4, 0x71e4, 0x7205, 0x7205, 0x7205, 0x7205, 0x7205, 
	0x6a05, 0x6a25, 0x6a25, 0x7225, 0x7225, 0x7225, 0x61e4, 0x51a3, 0x59a3, 0x59e4, 0x30e3, 0x0000, 0x0000, 0x0000, 0x0000, 0x0000, 
	0x0000, 0x0000, 0x0000, 0x0000, 0x0000, 0x0000, 0x0000, 0x0000, 0x0000, 0x0000, 0x0000, 0x0000, 0x0000, 0x0000, 0x0000, 0x0000, 
	0x0000, 0x0000, 0x0000, 0x0000, 0x0000, 0x0000, 0x0000, 0x0000, 0x0000, 0x0000, 0x0000, 0x0000, 0x0000, 0x0000, 0x0000, 0x0000, 
	0x0000, 0x0000, 0x0000, 0x0000, 0x0000, 0x38e2, 0x69e5, 0x69c5, 0x61a4, 0x5984, 0x59a4, 0x59a5, 0x6226, 0x6ac8, 0x8b8d, 0x730b, 
	0x5a47, 0x49c5, 0x6288, 0x51c4, 0x5101, 0x50e1, 0x5101, 0x50e1, 0x50e1, 0x5101, 0x5121, 0x5942, 0x5942, 0x5943, 0x5962, 0x5962, 
	0x5962, 0x5962, 0x5962, 0x5962, 0x5142, 0x4902, 0x4122, 0x3942, 0x3943, 0x30e2, 0x28c0, 0x30e1, 0x30e1, 0x2880, 0x2880, 0x2040, 
	0x30c1, 0x4122, 0x4923, 0x4943, 0x4943, 0x5142, 0x5162, 0x5163, 0x5183, 0x5183, 0x5963, 0x5163, 0x5162, 0x5142, 0x5143, 0x5143, 
	0x5143, 0x5963, 0x5963, 0x5943, 0x5963, 0x5943, 0x5963, 0x5943, 0x5943, 0x5943, 0x5943, 0x5943, 0x5943, 0x5943, 0x5943, 0x5943, 
	0x6143, 0x6143, 0x6143, 0x6143, 0x5943, 0x5943, 0x5943, 0x6163, 0x6164, 0x6184, 0x6184, 0x6184, 0x5984, 0x5984, 0x5984, 0x5983, 
	0x5983, 0x5163, 0x5163, 0x5163, 0x5184, 0x5184, 0x5983, 0x59a3, 0x59a3, 0x51a3, 0x59a3, 0x59c3, 0x59c4, 0x59c4, 0x59a3, 0x59a3, 
	0x51a3, 0x51c4, 0x59a3, 0x59c4, 0x59c4, 0x51a3, 0x4963, 0x4142, 0x4983, 0x49a4, 0x28c2, 0x0000, 0x0000, 0x0000, 0x0000, 0x0000, 
	0x0000, 0x0000, 0x0000, 0x0000, 0x0000, 0x0000, 0x0000, 0x0000, 0x0000, 0x0000, 0x0000, 0x0000, 0x0000, 0x0000, 0x0000, 0x0000
};

// Array of all bitmaps for convenience. (Total bytes used to store images in PROGMEM = 20496)
const int epd_bitmap_allArray_LEN = 1;
const uint16_t* epd_bitmap_allArray[1] = {
	epd_bitmap_sticker
};

#endif